label,merged_label,latitude,longitude,year,example_path
Oil palm plantation,Plantation,3.91875,9.896375,2015,my_examples_landsat_final/9.896374999999999_3.9187499999999997
Oil palm plantation,Plantation,4.540875,9.538,2015,my_examples_landsat_final/9.538_4.540875
Other large-scale plantations,Plantation,4.1905,9.336,2015,my_examples_landsat_final/9.336000000000002_4.190500000000001
Oil palm plantation,Plantation,3.899958333,9.816541667,2015,my_examples_landsat_final/9.81654166666667_3.8999583333333336
Oil palm plantation,Plantation,5.337625,9.476,2015,my_examples_landsat_final/9.475999999999999_5.337624999999998
Other large-scale plantations,Plantation,4.698875,14.2221875,2015,my_examples_landsat_final/14.222187500000002_4.698875
Oil palm plantation,Plantation,3.789125,9.878625,2015,my_examples_landsat_final/9.878625_3.789125
Oil palm plantation,Plantation,3.722,10.64375,2015,my_examples_landsat_final/10.643749999999999_3.722
Other large-scale plantations,Plantation,4.603583333,12.23210417,2015,my_examples_landsat_final/12.232104166666666_4.603583333333333
Fruit plantation,Plantation,4.729375,9.667375,2015,my_examples_landsat_final/9.667375_4.729374999999999
Rubber plantation,Plantation,4.38925,9.574125,2015,my_examples_landsat_final/9.574125_4.38925
Oil palm plantation,Plantation,4.254916667,8.966458333,2015,my_examples_landsat_final/8.966458333333334_4.2549166666666665
Oil palm plantation,Plantation,5.155214286,9.322625,2015,my_examples_landsat_final/9.322625_5.155214285714286
Fruit plantation,Plantation,4.721625,9.695125,2015,my_examples_landsat_final/9.695125_4.7216249999999995
Oil palm plantation,Plantation,3.606625,10.669,2015,my_examples_landsat_final/10.668999999999999_3.606625
Other large-scale plantations,Plantation,4.13475,9.257625,2015,my_examples_landsat_final/9.257625_4.1347499999999995
Oil palm plantation,Plantation,5.154806818,9.440579545,2015,my_examples_landsat_final/9.440579545454545_5.154806818181818
Oil palm plantation,Plantation,4.051833333,9.193208333,2015,my_examples_landsat_final/9.193208333333333_4.051833333333333
Oil palm plantation,Plantation,4.138125,9.322,2015,my_examples_landsat_final/9.322_4.138125
Oil palm plantation,Plantation,3.859625,9.961125,2015,my_examples_landsat_final/9.961125_3.859625
Fruit plantation,Plantation,4.853875,9.783625,2015,my_examples_landsat_final/9.783625_4.8538749999999995
Oil palm plantation,Plantation,3.653958333,10.65408333,2015,my_examples_landsat_final/10.654083333333336_3.6539583333333328
Other large-scale plantations,Plantation,6.109875,10.394625,2015,my_examples_landsat_final/10.394625_6.109874999999999
Rubber plantation,Plantation,4.011125,9.280625,2015,my_examples_landsat_final/9.280625_4.011125
Oil palm plantation,Plantation,3.657625,10.051875,2015,my_examples_landsat_final/10.051874999999999_3.6576249999999995
Oil palm plantation,Plantation,5.171639368,9.413102011,2015,my_examples_landsat_final/9.413102011494253_5.171639367816088
Other large-scale plantations,Plantation,4.098125,9.219875,2015,my_examples_landsat_final/9.219875_4.098125
Oil palm plantation,Plantation,4.032875,9.129,2015,my_examples_landsat_final/9.129000000000001_4.032874999999999
Other large-scale plantations,Plantation,5.587,10.112625,2015,my_examples_landsat_final/10.112625_5.587000000000001
Other large-scale plantations,Plantation,6.085,10.381625,2015,my_examples_landsat_final/10.381625_6.085
Fruit plantation,Plantation,4.730541667,9.771791667,2015,my_examples_landsat_final/9.771791666666667_4.730541666666667
Oil palm plantation,Plantation,4.149625,8.9955,2015,my_examples_landsat_final/8.9955_4.149625
Oil palm plantation,Plantation,4.457375,9.1445,2015,my_examples_landsat_final/9.1445_4.457375000000001
Rubber plantation,Plantation,4.4213125,9.3885625,2015,my_examples_landsat_final/9.3885625_4.4213125
Rubber plantation,Plantation,3.2259,12.415475,2015,my_examples_landsat_final/12.415474999999997_3.2258999999999984
Oil palm plantation,Plantation,4.538875,9.098,2015,my_examples_landsat_final/9.097999999999999_4.538875
Oil palm plantation,Plantation,5.173935976,9.321301829,2015,my_examples_landsat_final/9.321301829268299_5.1739359756097585
Oil palm plantation,Plantation,4.224458333,9.030708333,2015,my_examples_landsat_final/9.030708333333335_4.224458333333333
Oil palm plantation,Plantation,4.992,8.905125,2015,my_examples_landsat_final/8.905124999999998_4.992
Other large-scale plantations,Plantation,6.385083333,10.82995833,2015,my_examples_landsat_final/10.829958333333332_6.385083333333335
Rubber plantation,Plantation,3.977575,10.509975,2015,my_examples_landsat_final/10.509975_3.9775750000000003
Oil palm plantation,Plantation,3.72795,10.579875,2015,my_examples_landsat_final/10.579874999999998_3.727949999999999
Oil palm plantation,Plantation,4.101125,9.2115,2015,my_examples_landsat_final/9.211500000000001_4.101125
Oil palm plantation,Plantation,4.667242647,9.073080882,2015,my_examples_landsat_final/9.073080882352944_4.667242647058823
Oil palm plantation,Plantation,4.45775,8.964125,2015,my_examples_landsat_final/8.964125_4.45775
Oil palm plantation,Plantation,4.558975,9.035175,2015,my_examples_landsat_final/9.035175000000002_4.558975
Oil palm plantation,Plantation,5.18625,9.445625,2015,my_examples_landsat_final/9.445625_5.18625
Rubber plantation,Plantation,3.0735,12.436125,2015,my_examples_landsat_final/12.436125_3.0735
Rubber plantation,Plantation,2.808875,12.532375,2015,my_examples_landsat_final/12.532375_2.808875
Rubber plantation,Plantation,3.178011051,12.39999851,2015,my_examples_landsat_final/12.399998506571087_3.178011051373957
Timber plantation,Plantation,1.987625,15.9345,2015,my_examples_landsat_final/15.9345_1.9876250000000006
Timber plantation,Plantation,1.8415,15.837875,2015,my_examples_landsat_final/15.837875000000002_1.8415
Timber plantation,Plantation,1.805875,15.891825,2015,my_examples_landsat_final/15.891825_1.8058750000000001
Timber plantation,Plantation,1.914875,15.945125,2015,my_examples_landsat_final/15.945124999999999_1.9148749999999997
Timber plantation,Plantation,1.804416667,15.89116667,2015,my_examples_landsat_final/15.891166666666669_1.8044166666666674
Timber plantation,Plantation,1.817625,15.876,2015,my_examples_landsat_final/15.876000000000001_1.8176249999999996
Timber plantation,Plantation,2.027625,15.82275,2015,my_examples_landsat_final/15.822750000000001_2.027625
Timber plantation,Plantation,2.022625,15.837375,2015,my_examples_landsat_final/15.837375_2.022625
Timber plantation,Plantation,1.805625,15.892375,2015,my_examples_landsat_final/15.892375000000003_1.8056250000000003
Timber plantation,Plantation,2.022875,15.837625,2015,my_examples_landsat_final/15.837625000000001_2.022875
Timber plantation,Plantation,1.8545,15.852875,2015,my_examples_landsat_final/15.852875_1.8544999999999998
Timber plantation,Plantation,2.022375,15.837125,2015,my_examples_landsat_final/15.837124999999999_2.0223749999999994
Other large-scale plantations,Plantation,4.18975,9.334125,2015,my_examples_landsat_final/9.334125_4.18975
Other large-scale plantations,Plantation,4.690625,14.137375,2015,my_examples_landsat_final/14.137375_4.690624999999999
Other large-scale plantations,Plantation,4.603375,12.233375,2015,my_examples_landsat_final/12.233375_4.603375
Fruit plantation,Plantation,4.72675,9.653125,2015,my_examples_landsat_final/9.653125_4.72675
Rubber plantation,Plantation,4.385625,9.589125,2015,my_examples_landsat_final/9.589125_4.385625
Fruit plantation,Plantation,4.720375,9.694232143,2015,my_examples_landsat_final/9.694232142857144_4.720374999999998
Other large-scale plantations,Plantation,4.134625,9.261125,2015,my_examples_landsat_final/9.261125_4.134625000000001
Fruit plantation,Plantation,4.849825,9.783275,2015,my_examples_landsat_final/9.783275000000001_4.849825
Other large-scale plantations,Plantation,6.109375,10.394875,2015,my_examples_landsat_final/10.394875_6.109375
Rubber plantation,Plantation,4.010125,9.290125,2015,my_examples_landsat_final/9.290125_4.0101249999999995
Other large-scale plantations,Plantation,4.0905,9.20875,2015,my_examples_landsat_final/9.20875_4.0905000000000005
Other large-scale plantations,Plantation,5.587075,10.113275,2015,my_examples_landsat_final/10.113275_5.5870750000000005
Other large-scale plantations,Plantation,6.082666667,10.36516667,2015,my_examples_landsat_final/10.365166666666669_6.0826666666666656
Fruit plantation,Plantation,4.730579545,9.770397727,2015,my_examples_landsat_final/9.770397727272732_4.730579545454547
Rubber plantation,Plantation,4.369375,9.387,2015,my_examples_landsat_final/9.387_4.369375
Rubber plantation,Plantation,3.224875,12.4155,2015,my_examples_landsat_final/12.415500000000002_3.224875
Other large-scale plantations,Plantation,6.377443182,10.81321591,2015,my_examples_landsat_final/10.813215909090907_6.377443181818181
Rubber plantation,Plantation,3.971375,10.517375,2015,my_examples_landsat_final/10.517375000000003_3.9713749999999997
Hunting,Other,4.86484375,12.40559375,2015,my_examples_landsat_final/12.40559375_4.8648437499999995
Hunting,Other,3.514875,15.24275,2015,my_examples_landsat_final/15.242750000000003_3.5148750000000004
Hunting,Other,3.00825,15.1215,2015,my_examples_landsat_final/15.1215_3.00825
Hunting,Other,3.525375,14.977875,2015,my_examples_landsat_final/14.977874999999997_3.525375
Hunting,Other,2.467625,15.292625,2015,my_examples_landsat_final/15.292625000000003_2.4676250000000004
Hunting,Other,2.999125,14.815625,2015,my_examples_landsat_final/14.815624999999999_2.999125
Hunting,Other,3.47925,15.050875,2015,my_examples_landsat_final/15.050875000000001_3.47925
Hunting,Other,3.4855,14.879625,2015,my_examples_landsat_final/14.879625_3.4855000000000005
Hunting,Other,2.676125,15.3205,2015,my_examples_landsat_final/15.3205_2.6761249999999994
Hunting,Other,8.490875,13.662625,2015,my_examples_landsat_final/13.662625_8.490874999999999
Hunting,Other,8.370625,12.9615,2015,my_examples_landsat_final/12.961500000000001_8.370625
Hunting,Other,3.24475,14.876,2015,my_examples_landsat_final/14.876_3.24475
Hunting,Other,2.438,15.438,2015,my_examples_landsat_final/15.438_2.4379999999999997
Hunting,Other,5.267788043,12.77563587,2015,my_examples_landsat_final/12.77563586956522_5.2677880434782605
Hunting,Other,5.904125,12.314875,2015,my_examples_landsat_final/12.314875_5.904125
Hunting,Other,5.076541667,12.44245833,2015,my_examples_landsat_final/12.442458333333333_5.0765416666666665
Hunting,Other,2.120125,14.92725,2015,my_examples_landsat_final/14.927250000000003_2.1201250000000003
Hunting,Other,2.712625,15.453625,2015,my_examples_landsat_final/15.453625_2.712624999999999
Hunting,Other,3.022,15.15475,2015,my_examples_landsat_final/15.154749999999998_3.022
Hunting,Other,2.405125,12.77125,2015,my_examples_landsat_final/12.77125_2.4051249999999995
Hunting,Other,2.141,15.667875,2015,my_examples_landsat_final/15.667874999999999_2.1409999999999996
Mining,Other,3.354125,10.615375,2015,my_examples_landsat_final/10.615375000000004_3.354125
Mining,Other,3.2411875,15.6155625,2015,my_examples_landsat_final/15.6155625_3.2411875
Mining,Other,2.595125,12.806625,2015,my_examples_landsat_final/12.806625_2.5951249999999995
Mining,Other,2.549375,12.738625,2015,my_examples_landsat_final/12.738624999999997_2.549375
Mining,Other,3.062291667,14.19870833,2015,my_examples_landsat_final/14.198708333333336_3.0622916666666664
Mining,Other,2.232375,13.918125,2015,my_examples_landsat_final/13.918124999999998_2.2323749999999998
Mining,Other,2.799875,13.876,2015,my_examples_landsat_final/13.876000000000001_2.799875
Mining,Other,3.41975,13.83325,2015,my_examples_landsat_final/13.833250000000001_3.4197500000000005
Mining,Other,2.647595588,12.64719853,2015,my_examples_landsat_final/12.647198529411769_2.647595588235295
Mining,Other,3.772433824,10.65472794,2015,my_examples_landsat_final/10.65472794117647_3.7724338235294117
Mining,Other,3.301625,15.56825,2015,my_examples_landsat_final/15.56825_3.3016249999999996
Mining,Other,3.587125,10.755875,2015,my_examples_landsat_final/10.755874999999998_3.5871250000000003
Mining,Other,3.589778846,10.62229808,2015,my_examples_landsat_final/10.622298076923077_3.589778846153847
Mining,Other,3.394625,10.61425,2015,my_examples_landsat_final/10.61425_3.394625
Mining,Other,3.62575,10.756375,2015,my_examples_landsat_final/10.756374999999998_3.625749999999999
Mining,Other,2.614375,12.679,2015,my_examples_landsat_final/12.679_2.6143750000000003
Mining,Other,3.354940217,14.13670109,2015,my_examples_landsat_final/14.136701086956522_3.3549402173913045
Mining,Other,3.674708333,10.59995833,2015,my_examples_landsat_final/10.599958333333332_3.6747083333333337
Mining,Other,3.554125,10.776375,2015,my_examples_landsat_final/10.776375_3.554125
Mining,Other,3.6645,10.635625,2015,my_examples_landsat_final/10.635625_3.6644999999999994
Oil palm plantation,Plantation,3.134051471,12.270875,2015,my_examples_landsat_final/12.270875_3.1340514705882363
Oil palm plantation,Plantation,2.289125,11.285875,2015,my_examples_landsat_final/11.285875_2.289125
Oil palm plantation,Plantation,3.026875,12.346125,2015,my_examples_landsat_final/12.346125_3.026875
Rubber plantation,Plantation,3.060682692,12.40734615,2015,my_examples_landsat_final/12.407346153846154_3.0606826923076933
Rubber plantation,Plantation,3.198125,12.37625,2015,my_examples_landsat_final/12.376249999999999_3.198125
Rubber plantation,Plantation,3.18075,12.4275,2015,my_examples_landsat_final/12.4275_3.1807499999999997
Oil palm plantation,Plantation,3.075494048,12.37558929,2015,my_examples_landsat_final/12.375589285714286_3.0754940476190478
Oil palm plantation,Plantation,3.136875,12.4275,2015,my_examples_landsat_final/12.427499999999998_3.136875
Rubber plantation,Plantation,3.179875,12.374875,2015,my_examples_landsat_final/12.374875000000001_3.179875
Wildfire,Other,8.8375,14.094875,2015,my_examples_landsat_final/14.094875000000002_8.8375
Wildfire,Other,8.926878906,14.48294922,2015,my_examples_landsat_final/14.482949218749997_8.926878906249994
Wildfire,Other,8.970726562,14.168,2015,my_examples_landsat_final/14.168_8.970726562499994
Wildfire,Other,9.085375,14.167375,2015,my_examples_landsat_final/14.167375_9.085374999999999
Wildfire,Other,8.838375,14.093875,2015,my_examples_landsat_final/14.093875000000002_8.838375
Wildfire,Other,8.840958333,14.11495833,2015,my_examples_landsat_final/14.114958333333332_8.840958333333333
Wildfire,Other,8.837875,14.093875,2015,my_examples_landsat_final/14.093875_8.837875
Wildfire,Other,8.838875,14.0895,2015,my_examples_landsat_final/14.089499999999997_8.838875
Wildfire,Other,8.97575,14.09775,2015,my_examples_landsat_final/14.097749999999998_8.97575
Wildfire,Other,8.972125,14.098625,2015,my_examples_landsat_final/14.098624999999998_8.972125
Wildfire,Other,8.961325,14.102975,2015,my_examples_landsat_final/14.102975_8.961324999999999
Wildfire,Other,8.91275,14.669625,2015,my_examples_landsat_final/14.669625_8.912749999999999
Wildfire,Other,8.974875,14.099,2015,my_examples_landsat_final/14.099_8.974875
Wildfire,Other,8.838933594,14.094125,2015,my_examples_landsat_final/14.094125_8.838933593749992
Wildfire,Other,8.975,14.098375,2015,my_examples_landsat_final/14.098375_8.975
Wildfire,Other,8.838683594,14.093375,2015,my_examples_landsat_final/14.093374999999998_8.838683593749993
Wildfire,Other,8.8385,14.090375,2015,my_examples_landsat_final/14.090375000000002_8.8385
Wildfire,Other,8.839175,14.092025,2015,my_examples_landsat_final/14.092025000000001_8.839175000000001
Wildfire,Other,8.838683594,14.094125,2015,my_examples_landsat_final/14.094124999999998_8.838683593749993
Wildfire,Other,8.838933594,14.093375,2015,my_examples_landsat_final/14.093375_8.838933593749992
Wildfire,Other,8.974875,14.09975,2015,my_examples_landsat_final/14.09975_8.974875
Wildfire,Other,9.275875,14.327875,2015,my_examples_landsat_final/14.327875000000002_9.275875
Wildfire,Other,8.83695,14.09435,2015,my_examples_landsat_final/14.09435_8.836949999999998
Wildfire,Other,8.971875,14.098375,2015,my_examples_landsat_final/14.098375_8.971874999999999
Wildfire,Other,8.83875,14.094125,2015,my_examples_landsat_final/14.094125_8.838750000000001
Wildfire,Other,9.274875,14.329375,2015,my_examples_landsat_final/14.329375_9.274875000000002
Wildfire,Other,8.965875,14.50111328,2015,my_examples_landsat_final/14.501113281250001_8.965875
Wildfire,Other,8.971625,14.099125,2015,my_examples_landsat_final/14.099124999999999_8.971625
Wildfire,Other,8.83875,14.093375,2015,my_examples_landsat_final/14.093375_8.838750000000001
Selective logging,Other,2.396375,10.45175,2015,my_examples_landsat_final/10.451749999999999_2.396375
Selective logging,Other,2.85025,10.985625,2015,my_examples_landsat_final/10.985624999999999_2.85025
Selective logging,Other,4.110958333,10.38440278,2015,my_examples_landsat_final/10.384402777777778_4.1109583333333335
Selective logging,Other,4.179513889,13.09709722,2015,my_examples_landsat_final/13.097097222222219_4.179513888888889
Selective logging,Other,3.018,15.214375,2015,my_examples_landsat_final/15.214375_3.018
Selective logging,Other,3.128897727,13.76589773,2015,my_examples_landsat_final/13.765897727272726_3.1288977272727263
Selective logging,Other,3.30025,13.981625,2015,my_examples_landsat_final/13.981625_3.3002499999999992
Selective logging,Other,5.552053571,9.370839286,2015,my_examples_landsat_final/9.370839285714288_5.552053571428572
Selective logging,Other,4.978675,12.389975,2015,my_examples_landsat_final/12.389975_4.978674999999999
Selective logging,Other,4.357625,13.615125,2015,my_examples_landsat_final/13.615124999999999_4.3576250000000005
Selective logging,Other,3.530675,13.255525,2015,my_examples_landsat_final/13.255525000000002_3.530675
Selective logging,Other,3.796625,14.953875,2015,my_examples_landsat_final/14.953874999999998_3.796625
Selective logging,Other,2.737930556,11.86848611,2015,my_examples_landsat_final/11.86848611111111_2.7379305555555558
Selective logging,Other,3.337696429,14.176625,2015,my_examples_landsat_final/14.176624999999996_3.3376964285714283
Selective logging,Other,2.609,15.740375,2015,my_examples_landsat_final/15.740375_2.6089999999999995
Selective logging,Other,4.019125,14.861625,2015,my_examples_landsat_final/14.861625000000002_4.019125
Selective logging,Other,5.45625,11.992125,2015,my_examples_landsat_final/11.992125000000001_5.45625
Selective logging,Other,4.11825,12.361625,2015,my_examples_landsat_final/12.361625_4.11825
Selective logging,Other,2.242625,14.28975,2015,my_examples_landsat_final/14.28975_2.242625
Selective logging,Other,2.854125,11.44830357,2015,my_examples_landsat_final/11.448303571428571_2.854125
Selective logging,Other,3.762875,10.938,2015,my_examples_landsat_final/10.937999999999999_3.762875
Selective logging,Other,5.262953947,12.786125,2015,my_examples_landsat_final/12.786125000000002_5.2629539473684215
Selective logging,Other,2.6571875,10.8083125,2015,my_examples_landsat_final/10.808312500000001_2.6571875
Selective logging,Other,2.648625,11.774625,2015,my_examples_landsat_final/11.774625_2.648625
Selective logging,Other,4.69425,10.292625,2015,my_examples_landsat_final/10.292625000000003_4.694249999999999
Selective logging,Other,3.486553571,12.14891071,2015,my_examples_landsat_final/12.148910714285716_3.486553571428571
Selective logging,Other,5.0125,11.862125,2015,my_examples_landsat_final/11.862124999999999_5.012499999999999
Selective logging,Other,2.914625,12.295875,2015,my_examples_landsat_final/12.295874999999999_2.9146250000000005
Selective logging,Other,4.234125,14.56194167,2015,my_examples_landsat_final/14.561941666666664_4.234125
Selective logging,Other,2.867,13.880625,2015,my_examples_landsat_final/13.880625_2.867
Selective logging,Other,3.128375,14.521125,2015,my_examples_landsat_final/14.521125_3.128375
Selective logging,Other,3.365225,14.484275,2015,my_examples_landsat_final/14.484275000000002_3.3652250000000006
Selective logging,Other,5.275053571,13.34748214,2015,my_examples_landsat_final/13.347482142857142_5.275053571428572
Selective logging,Other,2.449041667,12.71979167,2015,my_examples_landsat_final/12.719791666666667_2.4490416666666666
Selective logging,Other,5.355625,12.15525,2015,my_examples_landsat_final/12.15525_5.355625000000001
Selective logging,Other,5.229,9.557875,2015,my_examples_landsat_final/9.557875_5.228999999999998
Selective logging,Other,3.721625,12.5855,2015,my_examples_landsat_final/12.585499999999998_3.7216249999999995
Selective logging,Other,2.568958333,15.54329167,2015,my_examples_landsat_final/15.543291666666665_2.5689583333333323
Selective logging,Other,3.544375,13.769,2015,my_examples_landsat_final/13.769_3.544375
Selective logging,Other,3.4785,13.680875,2015,my_examples_landsat_final/13.680875_3.4784999999999995
Selective logging,Other,4.084375,14.89275,2015,my_examples_landsat_final/14.892749999999998_4.084375
Selective logging,Other,4.532375,13.439625,2015,my_examples_landsat_final/13.439625000000001_4.532374999999999
Selective logging,Other,5.322375,11.22279167,2015,my_examples_landsat_final/11.222791666666666_5.322374999999999
Selective logging,Other,4.293375,10.736375,2015,my_examples_landsat_final/10.736374999999999_4.293374999999999
Selective logging,Other,2.6105,9.999875,2015,my_examples_landsat_final/9.999875_2.610499999999999
Selective logging,Other,2.603375,14.015375,2015,my_examples_landsat_final/14.015374999999997_2.6033749999999993
Selective logging,Other,2.95275,11.564625,2015,my_examples_landsat_final/11.564625_2.9527499999999995
Selective logging,Other,2.928208333,14.23745833,2015,my_examples_landsat_final/14.23745833333333_2.9282083333333335
Selective logging,Other,4.405875,14.46175,2015,my_examples_landsat_final/14.461749999999999_4.405875
Selective logging,Other,3.05275,14.213625,2015,my_examples_landsat_final/14.213625_3.0527500000000005
Selective logging,Other,3.720875,15.24,2015,my_examples_landsat_final/15.240000000000002_3.7208749999999995
Selective logging,Other,3.6195,10.769125,2015,my_examples_landsat_final/10.769124999999997_3.6194999999999995
Selective logging,Other,2.881125,13.92125,2015,my_examples_landsat_final/13.921249999999999_2.881125
Selective logging,Other,2.591075,11.389025,2015,my_examples_landsat_final/11.389025_2.591075
Selective logging,Other,5.707625,9.80375,2015,my_examples_landsat_final/9.803750000000003_5.707625
Selective logging,Other,2.638625,12.766,2015,my_examples_landsat_final/12.766_2.6386249999999998
Selective logging,Other,2.548875,11.79025,2015,my_examples_landsat_final/11.790250000000002_2.548875
Selective logging,Other,2.749602273,12.45394318,2015,my_examples_landsat_final/12.453943181818182_2.7496022727272726
Selective logging,Other,4.04225,14.42410227,2015,my_examples_landsat_final/14.42410227272727_4.04225
Selective logging,Other,2.78875,12.856125,2015,my_examples_landsat_final/12.856125000000002_2.78875
Selective logging,Other,2.774375,13.529125,2015,my_examples_landsat_final/13.529125_2.7743749999999996
Selective logging,Other,3.937291667,14.08754167,2015,my_examples_landsat_final/14.087541666666663_3.9372916666666664
Selective logging,Other,2.24275,15.151125,2015,my_examples_landsat_final/15.151124999999999_2.24275
Selective logging,Other,3.731475,13.810575,2015,my_examples_landsat_final/13.810575_3.731475
Selective logging,Other,5.001875,12.184,2015,my_examples_landsat_final/12.184_5.001874999999999
Selective logging,Other,2.4970625,12.2490625,2015,my_examples_landsat_final/12.249062499999997_2.4970625
Selective logging,Other,2.938125,12.640375,2015,my_examples_landsat_final/12.640375_2.9381249999999994
Selective logging,Other,3.407278846,14.55508654,2015,my_examples_landsat_final/14.555086538461538_3.4072788461538455
Selective logging,Other,4.184,14.018375,2015,my_examples_landsat_final/14.018375_4.184
Selective logging,Other,5.243875,12.562,2015,my_examples_landsat_final/12.562_5.243875
Selective logging,Other,2.424,15.144125,2015,my_examples_landsat_final/15.144124999999999_2.424
Selective logging,Other,2.109375,15.427125,2015,my_examples_landsat_final/15.427124999999998_2.109375
Selective logging,Other,4.916625,13.007,2015,my_examples_landsat_final/13.006999999999998_4.916625
Selective logging,Other,3.40925,14.852625,2015,my_examples_landsat_final/14.852625000000002_3.4092499999999997
Selective logging,Other,3.01075,15.361625,2015,my_examples_landsat_final/15.361625_3.01075
Selective logging,Other,4.386744565,10.75586413,2015,my_examples_landsat_final/10.755864130434784_4.386744565217392
Selective logging,Other,3.7535,11.8015,2015,my_examples_landsat_final/11.8015_3.7535
Selective logging,Other,2.521325,10.98075,2015,my_examples_landsat_final/10.980749999999999_2.5213250000000005
Selective logging,Other,3.070208333,14.63666667,2015,my_examples_landsat_final/14.636666666666668_3.070208333333334
Selective logging,Other,4.192208333,13.67204167,2015,my_examples_landsat_final/13.672041666666667_4.192208333333333
Selective logging,Other,3.001375,15.529375,2015,my_examples_landsat_final/15.529375_3.001375
Selective logging,Other,5.96475,9.3485,2015,my_examples_landsat_final/9.3485_5.96475
Selective logging,Other,3.655875,12.948625,2015,my_examples_landsat_final/12.948624999999998_3.655875
Selective logging,Other,4.058,14.67,2015,my_examples_landsat_final/14.669999999999998_4.058
Selective logging,Other,3.802375,13.24825,2015,my_examples_landsat_final/13.248250000000002_3.802375
Selective logging,Other,3.6185,10.34075,2015,my_examples_landsat_final/10.34075_3.618499999999999
Selective logging,Other,3.08,11.329625,2015,my_examples_landsat_final/11.329624999999998_3.08
Selective logging,Other,4.014261364,14.09107955,2015,my_examples_landsat_final/14.091079545454543_4.014261363636362
Selective logging,Other,4.847958333,9.882458333,2015,my_examples_landsat_final/9.882458333333334_4.847958333333334
Selective logging,Other,5.595946429,9.271982143,2015,my_examples_landsat_final/9.271982142857146_5.595946428571429
Selective logging,Other,5.2191875,12.558125,2015,my_examples_landsat_final/12.558124999999999_5.2191875
Selective logging,Other,3.2068125,13.9699375,2015,my_examples_landsat_final/13.9699375_3.206812500000001
Selective logging,Other,2.804875,12.303625,2015,my_examples_landsat_final/12.303625_2.804874999999999
Selective logging,Other,4.333125,14.351875,2015,my_examples_landsat_final/14.351875_4.333125
Selective logging,Other,3.726875,14.156,2015,my_examples_landsat_final/14.155999999999999_3.726875
Selective logging,Other,2.428625,14.00755357,2015,my_examples_landsat_final/14.007553571428573_2.428625
Selective logging,Other,4.85075,13.680625,2015,my_examples_landsat_final/13.680625000000001_4.850750000000001
Selective logging,Other,3.192875,14.968,2015,my_examples_landsat_final/14.968000000000002_3.192875
Selective logging,Other,3.495080882,10.67521324,2015,my_examples_landsat_final/10.675213235294118_3.495080882352941
Selective logging,Other,3.494125,12.519625,2015,my_examples_landsat_final/12.519625000000001_3.4941249999999995
Selective logging,Other,4.189375,13.651625,2015,my_examples_landsat_final/13.651624999999997_4.189375
Selective logging,Other,5.70325,11.40025,2015,my_examples_landsat_final/11.40025_5.70325
Selective logging,Other,5.806875,8.925875,2015,my_examples_landsat_final/8.925875_5.806875000000001
Selective logging,Other,3.667125,13.855,2015,my_examples_landsat_final/13.854999999999999_3.6671249999999995
Selective logging,Other,3.664041667,13.49054167,2015,my_examples_landsat_final/13.490541666666667_3.664041666666667
Selective logging,Other,5.07025,13.550375,2015,my_examples_landsat_final/13.550374999999999_5.070250000000001
Selective logging,Other,2.859375,15.66475,2015,my_examples_landsat_final/15.66475_2.859375
Selective logging,Other,4.772125,10.345,2015,my_examples_landsat_final/10.344999999999997_4.772125
Selective logging,Other,2.706303571,15.240875,2015,my_examples_landsat_final/15.240875_2.7063035714285704
Selective logging,Other,5.067625,8.89075,2015,my_examples_landsat_final/8.89075_5.067625
Selective logging,Other,4.182402778,14.16581944,2015,my_examples_landsat_final/14.165819444444445_4.182402777777777
Selective logging,Other,5.219833333,9.272458333,2015,my_examples_landsat_final/9.272458333333333_5.219833333333333
Selective logging,Other,3.402041667,15.47595833,2015,my_examples_landsat_final/15.475958333333331_3.402041666666667
Selective logging,Other,2.6455,11.166125,2015,my_examples_landsat_final/11.166125_2.6454999999999997
Selective logging,Other,2.636375,12.587875,2015,my_examples_landsat_final/12.587875_2.6363749999999997
Selective logging,Other,3.026232143,13.76641071,2015,my_examples_landsat_final/13.766410714285714_3.0262321428571424
Selective logging,Other,2.39975,15.482875,2015,my_examples_landsat_final/15.482875_2.39975
Selective logging,Other,3.939375,12.937125,2015,my_examples_landsat_final/12.937125_3.9393749999999996
Selective logging,Other,2.816375,14.33375,2015,my_examples_landsat_final/14.333750000000002_2.8163750000000003
Selective logging,Other,5.886775,9.120725,2015,my_examples_landsat_final/9.120724999999998_5.886775
Selective logging,Other,2.522083333,12.96070833,2015,my_examples_landsat_final/12.960708333333335_2.5220833333333337
Selective logging,Other,4.556375,9.405125,2015,my_examples_landsat_final/9.405125_4.556374999999999
Selective logging,Other,2.338625,10.69575,2015,my_examples_landsat_final/10.69575_2.338625
Selective logging,Other,2.73075,11.466,2015,my_examples_landsat_final/11.466000000000001_2.73075
Selective logging,Other,4.226125,13.861375,2015,my_examples_landsat_final/13.861375_4.226125
Selective logging,Other,3.867625,13.571,2015,my_examples_landsat_final/13.571_3.867625
Selective logging,Other,2.653,13.297875,2015,my_examples_landsat_final/13.297875_2.653
Selective logging,Other,3.632375,10.63575,2015,my_examples_landsat_final/10.635749999999994_3.632374999999998
Selective logging,Other,5.030625,13.489875,2015,my_examples_landsat_final/13.489875000000001_5.030625000000001
Selective logging,Other,3.241553571,15.12366071,2015,my_examples_landsat_final/15.123660714285712_3.2415535714285704
Selective logging,Other,4.8255,10.696875,2015,my_examples_landsat_final/10.696875_4.825499999999999
Selective logging,Other,3.070375,15.731875,2015,my_examples_landsat_final/15.731875_3.070375
Selective logging,Other,3.629553571,13.14435714,2015,my_examples_landsat_final/13.14435714285714_3.629553571428571
Selective logging,Other,3.427575,15.138925,2015,my_examples_landsat_final/15.138924999999999_3.4275750000000005
Selective logging,Other,2.603,12.886875,2015,my_examples_landsat_final/12.886875_2.6029999999999998
Selective logging,Other,4.548125,13.257375,2015,my_examples_landsat_final/13.257374999999998_4.548125
Selective logging,Other,2.858625,13.124,2015,my_examples_landsat_final/13.124_2.858625
Selective logging,Other,3.702625,14.713,2015,my_examples_landsat_final/14.713000000000005_3.702625
Mining,Other,3.620625,10.754375,2015,my_examples_landsat_final/10.754375_3.6206250000000004
Mining,Other,2.6085,12.669625,2015,my_examples_landsat_final/12.669625000000002_2.6085000000000003
Mining,Other,3.24025,15.616625,2015,my_examples_landsat_final/15.616624999999997_3.24025
Mining,Other,2.54375,12.762125,2015,my_examples_landsat_final/12.762125000000003_2.54375
Mining,Other,2.227541667,13.92945833,2015,my_examples_landsat_final/13.929458333333331_2.227541666666666
Mining,Other,3.571625,10.604875,2015,my_examples_landsat_final/10.604874999999998_3.5716250000000005
Mining,Other,3.417410714,13.83355357,2015,my_examples_landsat_final/13.83355357142857_3.417410714285714
Mining,Other,2.795125,13.875125,2015,my_examples_landsat_final/13.875125000000002_2.7951249999999996
Mining,Other,2.645875,12.647875,2015,my_examples_landsat_final/12.647874999999999_2.6458749999999998
Mining,Other,3.77,10.656625,2015,my_examples_landsat_final/10.656625_3.77
Mining,Other,3.585125,10.756875,2015,my_examples_landsat_final/10.756875_3.5851250000000006
Mining,Other,3.378325,10.586365,2015,my_examples_landsat_final/10.586365_3.3783250000000002
Mining,Other,3.318875,14.10745833,2015,my_examples_landsat_final/14.107458333333327_3.3188749999999994
Mining,Other,3.669875,10.603375,2015,my_examples_landsat_final/10.603375_3.6698749999999998
Mining,Other,3.664045455,10.64090909,2015,my_examples_landsat_final/10.640909090909092_3.6640454545454557
Mining,Other,3.319125,15.510125,2015,my_examples_landsat_final/15.510124999999997_3.319125
Mining,Other,3.622125,10.763,2015,my_examples_landsat_final/10.763_3.622125
Mining,Other,2.614125,12.678625,2015,my_examples_landsat_final/12.678625_2.614125
Mining,Other,3.240625,15.616375,2015,my_examples_landsat_final/15.616375000000003_3.240625
Mining,Other,2.5455,12.743875,2015,my_examples_landsat_final/12.743875_2.5455000000000005
Mining,Other,2.22925,13.929375,2015,my_examples_landsat_final/13.929375_2.22925
Mining,Other,3.57425,10.607125,2015,my_examples_landsat_final/10.607125_3.57425
Mining,Other,2.97125,14.182375,2015,my_examples_landsat_final/14.182375000000002_2.9712499999999995
Mining,Other,3.419125,13.8335,2015,my_examples_landsat_final/13.8335_3.419125
Mining,Other,2.798375,13.90625,2015,my_examples_landsat_final/13.906249999999996_2.798375
Mining,Other,2.645391667,12.64414167,2015,my_examples_landsat_final/12.644141666666668_2.645391666666667
Mining,Other,3.7715,10.644375,2015,my_examples_landsat_final/10.644375_3.7715
Mining,Other,3.586125,10.753125,2015,my_examples_landsat_final/10.753125000000002_3.5861250000000005
Mining,Other,3.380875,10.582625,2015,my_examples_landsat_final/10.582625_3.380875
Mining,Other,3.336013889,14.11384722,2015,my_examples_landsat_final/14.113847222222223_3.336013888888888
Mining,Other,3.66984375,10.58509375,2015,my_examples_landsat_final/10.58509375_3.6698437500000005
Mining,Other,3.553875,10.776625,2015,my_examples_landsat_final/10.776625_3.553875
Mining,Other,3.6645,10.641625,2015,my_examples_landsat_final/10.641625000000001_3.6644999999999994
Rubber plantation,Plantation,3.074625,12.418,2015,my_examples_landsat_final/12.417999999999997_3.0746249999999993
Other large-scale plantations,Plantation,4.19009375,9.33509375,2015,my_examples_landsat_final/9.335093749999999_4.19009375
Other large-scale plantations,Plantation,4.690375,14.136875,2015,my_examples_landsat_final/14.136875_4.6903749999999995
Other large-scale plantations,Plantation,4.603236111,12.23595833,2015,my_examples_landsat_final/12.235958333333334_4.60323611111111
Fruit plantation,Plantation,4.726125,9.651625,2015,my_examples_landsat_final/9.651625000000001_4.726124999999999
Rubber plantation,Plantation,4.384625,9.600875,2015,my_examples_landsat_final/9.600875_4.384625
Fruit plantation,Plantation,4.720513889,9.696416667,2015,my_examples_landsat_final/9.69641666666667_4.720513888888888
Other large-scale plantations,Plantation,4.1343125,9.2615625,2015,my_examples_landsat_final/9.261562500000002_4.134312500000001
Fruit plantation,Plantation,4.849375,9.782875,2015,my_examples_landsat_final/9.782875000000002_4.849375
Other large-scale plantations,Plantation,6.108125,10.3955,2015,my_examples_landsat_final/10.3955_6.108124999999999
Rubber plantation,Plantation,4.00915,9.290525,2015,my_examples_landsat_final/9.290525000000002_4.009150000000001
Other large-scale plantations,Plantation,4.09,9.207875,2015,my_examples_landsat_final/9.207874999999998_4.089999999999998
Other large-scale plantations,Plantation,5.5865,10.11225,2015,my_examples_landsat_final/10.112250000000001_5.586500000000001
Other large-scale plantations,Plantation,6.082625,10.372875,2015,my_examples_landsat_final/10.372875000000002_6.082624999999999
Fruit plantation,Plantation,4.730375,9.771375,2015,my_examples_landsat_final/9.771374999999999_4.730375
Rubber plantation,Plantation,3.225125,12.41874038,2015,my_examples_landsat_final/12.418740384615383_3.2251250000000002
Rubber plantation,Plantation,3.9705,10.516,2015,my_examples_landsat_final/10.515999999999998_3.9705
Rubber plantation,Plantation,3.072535714,12.41801786,2015,my_examples_landsat_final/12.418017857142855_3.0725357142857144
Rubber plantation,Plantation,2.808696429,12.54523214,2015,my_examples_landsat_final/12.545232142857142_2.8086964285714284
Mining,Other,3.351402778,10.60768056,2016,my_examples_landsat_final/10.607680555555557_3.351402777777778
Mining,Other,3.656567308,10.63831731,2016,my_examples_landsat_final/10.638317307692306_3.6565673076923066
Mining,Other,2.608625,12.680625,2016,my_examples_landsat_final/12.680625000000001_2.608625
Mining,Other,2.54140625,12.7616875,2016,my_examples_landsat_final/12.761687500000004_2.541406250000001
Mining,Other,3.5875,10.63175,2016,my_examples_landsat_final/10.63175_3.5875
Mining,Other,2.988625,14.1805,2016,my_examples_landsat_final/14.1805_2.988625
Mining,Other,3.419375,13.833375,2016,my_examples_landsat_final/13.833374999999998_3.419374999999999
Mining,Other,3.285125,15.578625,2016,my_examples_landsat_final/15.578625_3.285125
Mining,Other,2.784625,13.877375,2016,my_examples_landsat_final/13.877374999999999_2.7846249999999997
Mining,Other,2.644065,12.656635,2016,my_examples_landsat_final/12.656635_2.644065
Mining,Other,3.772125,10.652375,2016,my_examples_landsat_final/10.652375_3.7721249999999995
Mining,Other,3.32575,15.57975,2016,my_examples_landsat_final/15.579749999999999_3.3257499999999998
Mining,Other,3.582875,10.753875,2016,my_examples_landsat_final/10.753875000000003_3.582875
Mining,Other,3.378125,10.605875,2016,my_examples_landsat_final/10.605875000000001_3.3781250000000003
Mining,Other,3.298,15.606,2016,my_examples_landsat_final/15.606000000000002_3.2979999999999996
Mining,Other,3.352041667,14.13429167,2016,my_examples_landsat_final/14.134291666666664_3.3520416666666657
Mining,Other,3.666940789,10.58276974,2016,my_examples_landsat_final/10.582769736842105_3.666940789473685
Rubber plantation,Plantation,3.076875,12.450375,2016,my_examples_landsat_final/12.450375_3.076875
Rubber plantation,Plantation,3.017125,12.570625,2016,my_examples_landsat_final/12.570625_3.0171249999999996
Rubber plantation,Plantation,3.237125,12.407125,2016,my_examples_landsat_final/12.407125_3.237125
Rubber plantation,Plantation,3.199375,12.405375,2016,my_examples_landsat_final/12.405375_3.199375
Timber plantation,Plantation,1.810625,16.019125,2016,my_examples_landsat_final/16.019125_1.810625
Timber plantation,Plantation,1.796841667,15.888775,2016,my_examples_landsat_final/15.888775000000004_1.7968416666666662
Timber plantation,Plantation,1.854,15.848875,2016,my_examples_landsat_final/15.848875000000001_1.8539999999999999
Timber plantation,Plantation,1.876791667,15.97429167,2016,my_examples_landsat_final/15.974291666666664_1.8767916666666675
Timber plantation,Plantation,1.767375,15.994875,2016,my_examples_landsat_final/15.994875_1.7673750000000004
Timber plantation,Plantation,1.999125,15.818,2016,my_examples_landsat_final/15.818_1.9991250000000005
Timber plantation,Plantation,1.796125,15.915125,2016,my_examples_landsat_final/15.915125_1.7961249999999997
Timber plantation,Plantation,1.840552445,15.83919473,2016,my_examples_landsat_final/15.839194728044946_1.8405524454930198
Timber plantation,Plantation,1.851958333,15.85504167,2016,my_examples_landsat_final/15.855041666666665_1.8519583333333325
Timber plantation,Plantation,1.768875,15.999875,2016,my_examples_landsat_final/15.999874999999998_1.7688750000000006
Timber plantation,Plantation,1.823625,15.87125,2016,my_examples_landsat_final/15.871250000000002_1.8236249999999996
Timber plantation,Plantation,1.79675,15.91545833,2016,my_examples_landsat_final/15.915458333333335_1.7967500000000003
Timber plantation,Plantation,1.770625,15.993125,2016,my_examples_landsat_final/15.993125000000003_1.770625
Timber plantation,Plantation,1.8317591,15.86804575,2016,my_examples_landsat_final/15.868045749087464_1.8317590996578261
Timber plantation,Plantation,1.811375,16.0189375,2016,my_examples_landsat_final/16.018937499999996_1.8113749999999997
Timber plantation,Plantation,1.794125,15.91275,2016,my_examples_landsat_final/15.91275_1.7941250000000004
Timber plantation,Plantation,1.844875,15.841125,2016,my_examples_landsat_final/15.841125000000002_1.844875
Timber plantation,Plantation,1.974875,15.85425,2016,my_examples_landsat_final/15.85425_1.9748750000000002
Timber plantation,Plantation,1.839625,15.838875,2016,my_examples_landsat_final/15.838875000000002_1.8396249999999996
Timber plantation,Plantation,1.939625,15.82825,2016,my_examples_landsat_final/15.828249999999999_1.9396250000000006
Timber plantation,Plantation,1.85425,15.8465,2016,my_examples_landsat_final/15.8465_1.8542499999999993
Timber plantation,Plantation,1.852377436,15.83212894,2016,my_examples_landsat_final/15.832128937402448_1.8523774364011016
Timber plantation,Plantation,1.768125,15.994875,2016,my_examples_landsat_final/15.994875_1.7681250000000002
Timber plantation,Plantation,1.768958333,16.006875,2016,my_examples_landsat_final/16.006875000000004_1.7689583333333325
Timber plantation,Plantation,1.771125,15.987125,2016,my_examples_landsat_final/15.987124999999999_1.7711249999999996
Timber plantation,Plantation,1.854875,15.856125,2016,my_examples_landsat_final/15.856125_1.8548749999999998
Timber plantation,Plantation,1.950875,15.817625,2016,my_examples_landsat_final/15.817625000000001_1.950875
Timber plantation,Plantation,1.844125,15.846625,2016,my_examples_landsat_final/15.846625000000001_1.844125
Timber plantation,Plantation,1.960625,15.811875,2016,my_examples_landsat_final/15.811875000000002_1.9606249999999994
Timber plantation,Plantation,1.940375,15.96075,2016,my_examples_landsat_final/15.960750000000003_1.9403750000000006
Timber plantation,Plantation,1.854125,15.852875,2016,my_examples_landsat_final/15.852875000000001_1.854125
Timber plantation,Plantation,1.844425,15.841525,2016,my_examples_landsat_final/15.841525000000003_1.8444249999999995
Timber plantation,Plantation,1.794182692,15.91543269,2016,my_examples_landsat_final/15.915432692307695_1.7941826923076922
Timber plantation,Plantation,1.772055556,15.98676389,2016,my_examples_landsat_final/15.986763888888897_1.772055555555556
Timber plantation,Plantation,1.840958333,16.01704167,2016,my_examples_landsat_final/16.017041666666664_1.8409583333333335
Timber plantation,Plantation,1.851625,15.854625,2016,my_examples_landsat_final/15.854624999999999_1.8516249999999994
Timber plantation,Plantation,1.841875,15.837875,2016,my_examples_landsat_final/15.837875000000002_1.8418749999999997
Timber plantation,Plantation,1.791875,15.882125,2016,my_examples_landsat_final/15.882125_1.7918749999999999
Timber plantation,Plantation,1.844541667,15.84079167,2016,my_examples_landsat_final/15.840791666666663_1.8445416666666663
Timber plantation,Plantation,1.768375,16.00525,2016,my_examples_landsat_final/16.005250000000004_1.7683749999999998
Timber plantation,Plantation,1.768625,16.004875,2016,my_examples_landsat_final/16.004875_1.7686250000000001
Timber plantation,Plantation,1.793041667,15.91356944,2016,my_examples_landsat_final/15.913569444444446_1.7930416666666673
Timber plantation,Plantation,1.998375,16.016625,2016,my_examples_landsat_final/16.016625_1.9983750000000005
Timber plantation,Plantation,1.769791667,15.99879167,2016,my_examples_landsat_final/15.998791666666666_1.7697916666666658
Timber plantation,Plantation,1.952875,15.8185,2016,my_examples_landsat_final/15.818500000000002_1.9528749999999995
Timber plantation,Plantation,1.963375,15.831375,2016,my_examples_landsat_final/15.831375000000001_1.9633750000000003
Timber plantation,Plantation,1.770125,16.011625,2016,my_examples_landsat_final/16.011625_1.7701249999999993
Timber plantation,Plantation,2.104875,15.968375,2016,my_examples_landsat_final/15.968374999999996_2.1048749999999994
Timber plantation,Plantation,1.768525,16.000225,2016,my_examples_landsat_final/16.000225_1.7685249999999992
Timber plantation,Plantation,1.806256579,15.89229605,2016,my_examples_landsat_final/15.892296052631577_1.8062565789473688
Timber plantation,Plantation,1.939375,15.813125,2016,my_examples_landsat_final/15.813125000000001_1.939375
Timber plantation,Plantation,1.791375,15.882625,2016,my_examples_landsat_final/15.882625_1.7913749999999997
Timber plantation,Plantation,1.769664815,16.01727068,2016,my_examples_landsat_final/16.01727068286843_1.769664814883422
Timber plantation,Plantation,1.768125,16.002875,2016,my_examples_landsat_final/16.002875_1.7681250000000002
Timber plantation,Plantation,1.841625,15.837625,2016,my_examples_landsat_final/15.837625000000001_1.8416249999999996
Timber plantation,Plantation,1.770125,15.997125,2016,my_examples_landsat_final/15.997124999999999_1.770124999999999
Timber plantation,Plantation,1.770125,16.010375,2016,my_examples_landsat_final/16.010375_1.7701249999999993
Timber plantation,Plantation,1.942625,15.83175,2016,my_examples_landsat_final/15.83175_1.9426249999999998
Timber plantation,Plantation,1.851625,15.838,2016,my_examples_landsat_final/15.838000000000001_1.8516249999999994
Timber plantation,Plantation,1.851375,15.854875,2016,my_examples_landsat_final/15.854874999999998_1.8513750000000002
Timber plantation,Plantation,1.768375,16.006125,2016,my_examples_landsat_final/16.006125_1.7683749999999998
Timber plantation,Plantation,1.86021371,15.85564919,2016,my_examples_landsat_final/15.855649193548386_1.8602137096774194
Timber plantation,Plantation,1.855075,15.854275,2016,my_examples_landsat_final/15.854275000000001_1.8550749999999991
Timber plantation,Plantation,1.854375,15.853125,2016,my_examples_landsat_final/15.853125000000002_1.8543749999999999
Timber plantation,Plantation,1.840375,16.028,2016,my_examples_landsat_final/16.027999999999995_1.840375
Timber plantation,Plantation,1.936791667,15.81695833,2016,my_examples_landsat_final/15.816958333333336_1.9367916666666667
Timber plantation,Plantation,1.771,15.985625,2016,my_examples_landsat_final/15.985625000000002_1.7710000000000001
Timber plantation,Plantation,1.767196366,16.00826353,2016,my_examples_landsat_final/16.00826353294031_1.7671963657822631
Timber plantation,Plantation,1.8515,15.837,2016,my_examples_landsat_final/15.837000000000003_1.8514999999999997
Timber plantation,Plantation,1.959625,15.8255,2016,my_examples_landsat_final/15.8255_1.9596249999999997
Timber plantation,Plantation,1.77075,15.986625,2016,my_examples_landsat_final/15.986625000000002_1.7707499999999994
Timber plantation,Plantation,1.767125,16.000125,2016,my_examples_landsat_final/16.000125_1.7671250000000003
Timber plantation,Plantation,1.795875,15.915375,2016,my_examples_landsat_final/15.915375000000001_1.7958749999999994
Timber plantation,Plantation,1.770125,16.006625,2016,my_examples_landsat_final/16.006625_1.7701249999999993
Timber plantation,Plantation,1.768625,16.00394643,2016,my_examples_landsat_final/16.003946428571428_1.7686249999999997
Timber plantation,Plantation,1.996117007,16.04913703,2016,my_examples_landsat_final/16.049137028521255_1.9961170071818661
Timber plantation,Plantation,1.843975,15.845825,2016,my_examples_landsat_final/15.845825000000001_1.8439750000000004
Timber plantation,Plantation,1.939375,15.816125,2016,my_examples_landsat_final/15.816125000000003_1.939375
Timber plantation,Plantation,1.857675,15.85563333,2016,my_examples_landsat_final/15.85563333333333_1.857675
Timber plantation,Plantation,1.938875,15.814875,2016,my_examples_landsat_final/15.814875_1.9388750000000001
Timber plantation,Plantation,1.771291667,15.98779167,2016,my_examples_landsat_final/15.987791666666668_1.771291666666666
Timber plantation,Plantation,1.791625,15.882375,2016,my_examples_landsat_final/15.882375_1.7916249999999998
Timber plantation,Plantation,2.027625,15.861375,2016,my_examples_landsat_final/15.861374999999999_2.027625
Mining,Other,2.909125,12.181625,2016,my_examples_landsat_final/12.181625_2.909125
Mining,Other,3.354053571,10.61598214,2016,my_examples_landsat_final/10.615982142857142_3.354053571428572
Mining,Other,3.238875,15.642375,2016,my_examples_landsat_final/15.642375000000003_3.2388749999999993
Mining,Other,2.54575,12.763375,2016,my_examples_landsat_final/12.763375_2.54575
Mining,Other,3.4415,10.6585,2016,my_examples_landsat_final/10.658499999999998_3.4414999999999996
Mining,Other,2.211,13.888125,2016,my_examples_landsat_final/13.888124999999999_2.211
Mining,Other,3.060875,14.198,2016,my_examples_landsat_final/14.198_3.060875
Mining,Other,3.286375,15.577875,2016,my_examples_landsat_final/15.577875_3.286375
Mining,Other,2.792125,13.899125,2016,my_examples_landsat_final/13.899125000000002_2.7921249999999995
Mining,Other,3.465875,13.871875,2016,my_examples_landsat_final/13.871875_3.465875
Mining,Other,2.427375,12.804625,2016,my_examples_landsat_final/12.804625000000003_2.427375
Mining,Other,2.648125,12.658625,2016,my_examples_landsat_final/12.658625_2.648125
Mining,Other,3.7735,10.654125,2016,my_examples_landsat_final/10.654125000000002_3.7735000000000003
Mining,Other,3.325744048,15.58520833,2016,my_examples_landsat_final/15.585208333333336_3.325744047619047
Mining,Other,3.583375,10.75375,2016,my_examples_landsat_final/10.75375_3.5833749999999993
Mining,Other,3.5898125,10.6184375,2016,my_examples_landsat_final/10.618437499999997_3.5898125000000003
Mining,Other,3.379458333,10.58470833,2016,my_examples_landsat_final/10.584708333333333_3.379458333333333
Mining,Other,2.615125,12.680625,2016,my_examples_landsat_final/12.680625000000001_2.615125
Mining,Other,2.349375,12.785125,2016,my_examples_landsat_final/12.785124999999999_2.3493749999999998
Mining,Other,3.355,14.137375,2016,my_examples_landsat_final/14.137375_3.3549999999999995
Mining,Other,3.673625,10.598625,2016,my_examples_landsat_final/10.598624999999998_3.6736250000000004
Mining,Other,3.663284091,10.64178409,2016,my_examples_landsat_final/10.641784090909091_3.6632840909090914
Other large-scale plantations,Plantation,3.653875,10.059875,2016,my_examples_landsat_final/10.059874999999998_3.6538749999999998
Other large-scale plantations,Plantation,3.891916667,9.834375,2016,my_examples_landsat_final/9.834375_3.891916666666666
Other large-scale plantations,Plantation,4.697125,14.210625,2016,my_examples_landsat_final/14.210625_4.697125
Fruit plantation,Plantation,4.739625,9.6585,2016,my_examples_landsat_final/9.6585_4.739625
Rubber plantation,Plantation,4.388581522,9.57063587,2016,my_examples_landsat_final/9.57063586956522_4.38858152173913
Fruit plantation,Plantation,4.722625,9.707125,2016,my_examples_landsat_final/9.707125000000001_4.722625
Other large-scale plantations,Plantation,4.136625,9.250833333,2016,my_examples_landsat_final/9.250833333333334_4.136624999999999
Fruit plantation,Plantation,4.852875,9.79175,2016,my_examples_landsat_final/9.79175_4.852875
Other large-scale plantations,Plantation,3.859125,9.960375,2016,my_examples_landsat_final/9.960375_3.859125
Rubber plantation,Plantation,4.012875,9.251375,2016,my_examples_landsat_final/9.251375_4.012875
Other large-scale plantations,Plantation,4.189125,9.337375,2016,my_examples_landsat_final/9.337375000000002_4.189125
Other large-scale plantations,Plantation,6.387125,10.807375,2016,my_examples_landsat_final/10.807374999999999_6.387125
Other large-scale plantations,Plantation,6.104875,10.398125,2016,my_examples_landsat_final/10.398125_6.104875
Fruit plantation,Plantation,4.730625,9.769875,2016,my_examples_landsat_final/9.769875_4.730625
Rubber plantation,Plantation,3.974375,9.235125,2016,my_examples_landsat_final/9.235124999999998_3.974375
Rubber plantation,Plantation,4.436625,9.400375,2016,my_examples_landsat_final/9.400375_4.436624999999999
Other large-scale plantations,Plantation,6.086926471,10.35622059,2016,my_examples_landsat_final/10.356220588235292_6.086926470588235
Hunting,Other,4.86275,12.260625,2016,my_examples_landsat_final/12.260625000000003_4.862750000000001
Hunting,Other,3.514375,15.072375,2016,my_examples_landsat_final/15.072375000000001_3.514375
Hunting,Other,3.005166667,15.126375,2016,my_examples_landsat_final/15.126375000000001_3.005166666666666
Hunting,Other,8.634875,13.44375,2016,my_examples_landsat_final/13.44375_8.634875000000001
Hunting,Other,3.524375,14.958125,2016,my_examples_landsat_final/14.958124999999999_3.5243749999999996
Hunting,Other,2.498625,15.298625,2016,my_examples_landsat_final/15.298625000000001_2.498625
Hunting,Other,3.035125,14.72,2016,my_examples_landsat_final/14.720000000000002_3.0351249999999994
Hunting,Other,3.474875,15.062625,2016,my_examples_landsat_final/15.062625_3.474875
Hunting,Other,3.492625,14.8875,2016,my_examples_landsat_final/14.887500000000003_3.4926250000000003
Hunting,Other,2.681875,15.315125,2016,my_examples_landsat_final/15.315125_2.681875
Hunting,Other,8.486875,13.695375,2016,my_examples_landsat_final/13.695374999999999_8.486875
Hunting,Other,8.424875,12.966375,2016,my_examples_landsat_final/12.966375000000001_8.424875
Hunting,Other,3.278041667,14.81629167,2016,my_examples_landsat_final/14.816291666666666_3.2780416666666667
Hunting,Other,2.443,15.43925,2016,my_examples_landsat_final/15.43925_2.443
Hunting,Other,5.259625,12.780375,2016,my_examples_landsat_final/12.780375000000001_5.259625
Hunting,Other,5.979225,12.393825,2016,my_examples_landsat_final/12.393824999999998_5.979225
Hunting,Other,5.071375,12.438875,2016,my_examples_landsat_final/12.438875000000001_5.071375
Hunting,Other,2.156125,14.928875,2016,my_examples_landsat_final/14.928875000000003_2.1561249999999994
Hunting,Other,2.772991071,15.4025,2016,my_examples_landsat_final/15.402500000000002_2.7729910714285704
Hunting,Other,3.022741667,15.18660833,2016,my_examples_landsat_final/15.186608333333336_3.0227416666666667
Oil palm plantation,Plantation,4.539375,9.52925,2016,my_examples_landsat_final/9.52925_4.539374999999999
Other large-scale plantations,Plantation,3.660875,10.059625,2016,my_examples_landsat_final/10.059624999999999_3.660875
Oil palm plantation,Plantation,3.791208333,9.884708333,2016,my_examples_landsat_final/9.884708333333336_3.7912083333333335
Oil palm plantation,Plantation,5.588965909,10.09955682,2016,my_examples_landsat_final/10.099556818181817_5.588965909090909
Other large-scale plantations,Plantation,3.895339286,9.814053571,2016,my_examples_landsat_final/9.814053571428571_3.8953392857142854
Oil palm plantation,Plantation,3.921225,9.870925,2016,my_examples_landsat_final/9.870925_3.9212249999999993
Oil palm plantation,Plantation,4.149534091,9.604443182,2016,my_examples_landsat_final/9.604443181818182_4.14953409090909
Oil palm plantation,Plantation,3.723125,10.642625,2016,my_examples_landsat_final/10.642624999999999_3.723125
Other large-scale plantations,Plantation,4.6980625,14.2105625,2016,my_examples_landsat_final/14.210562500000005_4.698062500000002
Fruit plantation,Plantation,4.740125,9.658875,2016,my_examples_landsat_final/9.658875000000002_4.740124999999999
Rubber plantation,Plantation,4.393625,9.583125,2016,my_examples_landsat_final/9.583124999999999_4.393625
Oil palm plantation,Plantation,4.254125,9.00875,2016,my_examples_landsat_final/9.00875_4.254124999999999
Oil palm plantation,Plantation,5.157491667,9.263591667,2016,my_examples_landsat_final/9.263591666666665_5.157491666666667
Oil palm plantation,Plantation,4.513375,8.99075,2016,my_examples_landsat_final/8.99075_4.513375
Fruit plantation,Plantation,4.723375,9.705875,2016,my_examples_landsat_final/9.705874999999999_4.723375
Oil palm plantation,Plantation,3.628,10.66625,2016,my_examples_landsat_final/10.666250000000002_3.6279999999999997
Other large-scale plantations,Plantation,4.137375,9.253625,2016,my_examples_landsat_final/9.253625_4.137375
Oil palm plantation,Plantation,4.936875,8.842375,2016,my_examples_landsat_final/8.842375_4.9368750000000015
Oil palm plantation,Plantation,4.05375,9.199125,2016,my_examples_landsat_final/9.199125_4.053750000000001
Oil palm plantation,Plantation,5.232025,9.461075,2016,my_examples_landsat_final/9.461075000000001_5.232025
Oil palm plantation,Plantation,4.136875,9.324375,2016,my_examples_landsat_final/9.324375_4.136875
Rubber plantation,Plantation,3.017666667,12.570625,2016,my_examples_landsat_final/12.570624999999998_3.0176666666666665
Oil palm plantation,Plantation,4.095125,9.210875,2016,my_examples_landsat_final/9.210875000000001_4.095124999999999
Fruit plantation,Plantation,4.85375,9.79175,2016,my_examples_landsat_final/9.79175_4.85375
Oil palm plantation,Plantation,3.654125,10.653875,2016,my_examples_landsat_final/10.653875_3.6541250000000005
Other large-scale plantations,Plantation,3.863585294,9.955952941,2016,my_examples_landsat_final/9.95595294117647_3.863585294117646
Rubber plantation,Plantation,4.013125,9.256875,2016,my_examples_landsat_final/9.256875_4.013125000000001
Oil palm plantation,Plantation,3.975791667,10.50676389,2016,my_examples_landsat_final/10.506763888888889_3.975791666666667
Oil palm plantation,Plantation,5.1545,9.435625,2016,my_examples_landsat_final/9.435625_5.1545
Other large-scale plantations,Plantation,4.190775,9.343875,2016,my_examples_landsat_final/9.343875_4.1907749999999995
Oil palm plantation,Plantation,4.032375,9.132375,2016,my_examples_landsat_final/9.132375_4.032375
Other large-scale plantations,Plantation,6.387875,10.80675,2016,my_examples_landsat_final/10.806750000000001_6.387875
Other large-scale plantations,Plantation,6.112,10.389625,2016,my_examples_landsat_final/10.389624999999999_6.112000000000001
Fruit plantation,Plantation,4.731875,9.769875,2016,my_examples_landsat_final/9.769874999999999_4.7318750000000005
Oil palm plantation,Plantation,4.176875,9.006875,2016,my_examples_landsat_final/9.006874999999999_4.176875
Oil palm plantation,Plantation,4.470791667,9.133541667,2016,my_examples_landsat_final/9.133541666666668_4.470791666666667
Rubber plantation,Plantation,4.43675,9.39975,2016,my_examples_landsat_final/9.399750000000001_4.436749999999999
Rubber plantation,Plantation,3.076875,12.448625,2016,my_examples_landsat_final/12.448624999999998_3.0768750000000002
Oil palm plantation,Plantation,4.540125,9.099125,2016,my_examples_landsat_final/9.099125_4.540125
Oil palm plantation,Plantation,5.1559375,9.32209375,2016,my_examples_landsat_final/9.32209375_5.155937500000001
Oil palm plantation,Plantation,4.229625,9.014625,2016,my_examples_landsat_final/9.014624999999999_4.229625
Oil palm plantation,Plantation,4.993375,8.881875,2016,my_examples_landsat_final/8.881875_4.9933749999999995
Rubber plantation,Plantation,3.974625,9.235375,2016,my_examples_landsat_final/9.235375000000001_3.974625
Oil palm plantation,Plantation,5.322022727,9.469863636,2016,my_examples_landsat_final/9.469863636363636_5.322022727272727
Oil palm plantation,Plantation,5.136125,9.036625,2016,my_examples_landsat_final/9.036624999999999_5.136125000000001
Other large-scale plantations,Plantation,6.08975,10.369,2016,my_examples_landsat_final/10.369000000000003_6.08975
Rubber plantation,Plantation,3.238375,12.40725,2016,my_examples_landsat_final/12.407250000000001_3.238375
Oil palm plantation,Plantation,3.728875,10.57775,2016,my_examples_landsat_final/10.577749999999998_3.728875
Oil palm plantation,Plantation,4.1065,9.223125,2016,my_examples_landsat_final/9.223125_4.1065
Oil palm plantation,Plantation,4.664458333,9.070236111,2016,my_examples_landsat_final/9.07023611111111_4.664458333333333
Oil palm plantation,Plantation,4.463625,8.960625,2016,my_examples_landsat_final/8.960625_4.4636249999999995
Oil palm plantation,Plantation,4.551875,9.073375,2016,my_examples_landsat_final/9.073374999999999_4.551875
Oil palm plantation,Plantation,5.168625,9.332875,2016,my_examples_landsat_final/9.332875_5.1686250000000005
Oil palm plantation,Plantation,5.169875,9.413875,2016,my_examples_landsat_final/9.413875_5.169874999999999
Wildfire,Other,7.197625,12.6778125,2016,my_examples_landsat_final/12.677812500000002_7.197625000000002
Wildfire,Other,8.302875,14.84225,2016,my_examples_landsat_final/14.84225_8.302875000000002
Wildfire,Other,8.368859852,13.60038909,2016,my_examples_landsat_final/13.600389094902084_8.368859852030521
Wildfire,Other,8.851125,14.165625,2016,my_examples_landsat_final/14.165625_8.851125
Wildfire,Other,7.245958333,11.82754167,2016,my_examples_landsat_final/11.827541666666665_7.245958333333332
Wildfire,Other,7.980958333,14.80904167,2016,my_examples_landsat_final/14.809041666666664_7.980958333333332
Wildfire,Other,7.199125,12.677625,2016,my_examples_landsat_final/12.677624999999999_7.1991249999999996
Wildfire,Other,7.733125,13.959875,2016,my_examples_landsat_final/13.959875000000002_7.733124999999999
Wildfire,Other,8.7435,13.574375,2016,my_examples_landsat_final/13.574375_8.743500000000001
Wildfire,Other,8.408508025,13.73881037,2016,my_examples_landsat_final/13.738810374149656_8.40850802508503
Wildfire,Other,8.30375,14.84125,2016,my_examples_landsat_final/14.841249999999999_8.303749999999999
Wildfire,Other,7.992125,14.804875,2016,my_examples_landsat_final/14.804875000000001_7.992125
Wildfire,Other,8.409125,13.736625,2016,my_examples_landsat_final/13.736625_8.409125000000001
Wildfire,Other,7.710958333,13.94945833,2016,my_examples_landsat_final/13.949458333333336_7.710958333333336
Wildfire,Other,8.599375,14.377125,2016,my_examples_landsat_final/14.377124999999998_8.599374999999998
Wildfire,Other,7.732798193,13.96026301,2016,my_examples_landsat_final/13.960263012989456_7.732798192771085
Wildfire,Other,7.314625,11.923575,2016,my_examples_landsat_final/11.923575000000001_7.314625000000001
Wildfire,Other,7.734625,13.951875,2016,my_examples_landsat_final/13.951875_7.734624999999999
Wildfire,Other,7.710625,13.949875,2016,my_examples_landsat_final/13.949875000000002_7.710625000000002
Wildfire,Other,8.451375,14.385375,2016,my_examples_landsat_final/14.385375_8.451375
Wildfire,Other,9.387375,14.065375,2016,my_examples_landsat_final/14.065375_9.387375
Wildfire,Other,7.196160714,12.67819643,2016,my_examples_landsat_final/12.678196428571427_7.196160714285715
Wildfire,Other,8.372898437,13.6055,2016,my_examples_landsat_final/13.605499999999997_8.372898437499993
Wildfire,Other,9.265625,14.30175,2016,my_examples_landsat_final/14.301749999999998_9.265625
Wildfire,Other,8.363875,15.073125,2016,my_examples_landsat_final/15.073125_8.363875
Wildfire,Other,8.369150695,13.60275638,2016,my_examples_landsat_final/13.602756384248218_8.369150694548026
Selective logging,Other,2.40375,10.455375,2016,my_examples_landsat_final/10.455375_2.40375
Selective logging,Other,2.850553571,10.98391071,2016,my_examples_landsat_final/10.983910714285713_2.8505535714285717
Selective logging,Other,4.13475,10.361125,2016,my_examples_landsat_final/10.361125_4.1347499999999995
Selective logging,Other,4.186125,13.101375,2016,my_examples_landsat_final/13.101375_4.1861250000000005
Selective logging,Other,3.021982143,15.20869643,2016,my_examples_landsat_final/15.208696428571429_3.021982142857143
Selective logging,Other,3.127625,13.765375,2016,my_examples_landsat_final/13.765374999999999_3.127624999999999
Selective logging,Other,3.40346875,14.0265625,2016,my_examples_landsat_final/14.026562499999999_3.403468749999999
Selective logging,Other,5.624625,9.40725,2016,my_examples_landsat_final/9.407250000000001_5.624625
Selective logging,Other,4.985875,12.406875,2016,my_examples_landsat_final/12.406875_4.985875
Selective logging,Other,4.358528846,13.60029808,2016,my_examples_landsat_final/13.600298076923075_4.3585288461538445
Selective logging,Other,3.651625,13.331375,2016,my_examples_landsat_final/13.331375_3.6516249999999997
Selective logging,Other,3.82125,14.884625,2016,my_examples_landsat_final/14.884624999999998_3.82125
Selective logging,Other,2.740319444,12.13976389,2016,my_examples_landsat_final/12.13976388888889_2.7403194444444443
Selective logging,Other,3.350375,14.435625,2016,my_examples_landsat_final/14.435625000000003_3.3503749999999997
Selective logging,Other,2.578375,15.883375,2016,my_examples_landsat_final/15.883375_2.578375
Selective logging,Other,4.103375,14.759625,2016,my_examples_landsat_final/14.759625_4.103375
Selective logging,Other,5.428625,11.9975,2016,my_examples_landsat_final/11.997499999999999_5.428625
Selective logging,Other,4.115625,12.361875,2016,my_examples_landsat_final/12.361875000000001_4.1156250000000005
Selective logging,Other,2.294375,14.330125,2016,my_examples_landsat_final/14.330125_2.294375
Selective logging,Other,2.855875,11.438125,2016,my_examples_landsat_final/11.438124999999998_2.855875
Selective logging,Other,3.766365,10.934245,2016,my_examples_landsat_final/10.934245_3.766364999999999
Selective logging,Other,5.14625,12.846375,2016,my_examples_landsat_final/12.846375_5.146249999999999
Selective logging,Other,2.658071429,10.80010714,2016,my_examples_landsat_final/10.800107142857144_2.6580714285714295
Selective logging,Other,2.656416667,11.78479167,2016,my_examples_landsat_final/11.784791666666667_2.6564166666666664
Selective logging,Other,4.716135,10.307935,2016,my_examples_landsat_final/10.307934999999999_4.7161349999999995
Selective logging,Other,3.487,12.157125,2016,my_examples_landsat_final/12.157124999999999_3.487
Selective logging,Other,5.159875,11.929375,2016,my_examples_landsat_final/11.929375000000002_5.1598749999999995
Selective logging,Other,2.922175,12.267475,2016,my_examples_landsat_final/12.267475000000001_2.9221749999999997
Selective logging,Other,4.300583333,14.409875,2016,my_examples_landsat_final/14.409875_4.300583333333332
Selective logging,Other,2.891125,13.84625,2016,my_examples_landsat_final/13.846249999999998_2.891125
Selective logging,Other,3.119,14.500375,2016,my_examples_landsat_final/14.500375_3.119
Selective logging,Other,3.39225,14.50925,2016,my_examples_landsat_final/14.50925_3.3922499999999998
Selective logging,Other,5.385375,13.074125,2016,my_examples_landsat_final/13.074124999999999_5.385375000000001
Selective logging,Other,5.360625,12.073875,2016,my_examples_landsat_final/12.073875_5.360624999999999
Selective logging,Other,3.746225,12.592275,2016,my_examples_landsat_final/12.592275_3.7462250000000004
Selective logging,Other,2.619525,15.475425,2016,my_examples_landsat_final/15.475425000000001_2.6195250000000003
Selective logging,Other,3.516125,13.593625,2016,my_examples_landsat_final/13.593624999999998_3.5161249999999993
Selective logging,Other,3.4905,13.645625,2016,my_examples_landsat_final/13.645624999999999_3.4905
Selective logging,Other,2.559625,12.859875,2016,my_examples_landsat_final/12.859874999999999_2.559625
Selective logging,Other,4.087291667,14.88029167,2016,my_examples_landsat_final/14.880291666666668_4.087291666666666
Selective logging,Other,4.531875,13.42425,2016,my_examples_landsat_final/13.42425_4.531874999999999
Selective logging,Other,5.374125,11.178375,2016,my_examples_landsat_final/11.178374999999997_5.374124999999999
Selective logging,Other,4.2815,10.738125,2016,my_examples_landsat_final/10.738124999999998_4.2815
Selective logging,Other,2.694125,13.670375,2016,my_examples_landsat_final/13.670375_2.694125
Selective logging,Other,2.971875,11.64008333,2016,my_examples_landsat_final/11.640083333333333_2.971875
Selective logging,Other,2.936375,14.141125,2016,my_examples_landsat_final/14.141124999999999_2.936375
Selective logging,Other,4.381666667,14.44714583,2016,my_examples_landsat_final/14.447145833333332_4.381666666666667
Selective logging,Other,3.090625,14.191625,2016,my_examples_landsat_final/14.191625_3.0906249999999993
Selective logging,Other,3.721375,15.239625,2016,my_examples_landsat_final/15.239624999999998_3.721374999999999
Selective logging,Other,3.594875,10.768625,2016,my_examples_landsat_final/10.768625_3.594874999999999
Selective logging,Other,2.850875,13.978625,2016,my_examples_landsat_final/13.978625000000001_2.8508749999999994
Selective logging,Other,2.5965,11.40975,2016,my_examples_landsat_final/11.409749999999999_2.5964999999999994
Selective logging,Other,5.706625,9.698625,2016,my_examples_landsat_final/9.698625_5.706625
Selective logging,Other,2.6304375,12.7454375,2016,my_examples_landsat_final/12.745437500000001_2.6304375000000007
Selective logging,Other,2.549291667,11.77870833,2016,my_examples_landsat_final/11.778708333333334_2.549291666666667
Selective logging,Other,2.805125,12.326125,2016,my_examples_landsat_final/12.326125000000001_2.805125
Selective logging,Other,4.037625,14.530125,2016,my_examples_landsat_final/14.530125_4.037625
Selective logging,Other,2.487875,13.127875,2016,my_examples_landsat_final/13.127874999999998_2.4878750000000003
Selective logging,Other,2.887375,12.720125,2016,my_examples_landsat_final/12.720125_2.8873750000000005
Selective logging,Other,2.854375,13.608625,2016,my_examples_landsat_final/13.608625_2.854375
Selective logging,Other,3.992,14.092125,2016,my_examples_landsat_final/14.092125000000001_3.992000000000001
Selective logging,Other,2.399125,15.246625,2016,my_examples_landsat_final/15.246625000000002_2.399125
Selective logging,Other,3.739375,13.813875,2016,my_examples_landsat_final/13.813875_3.739375
Selective logging,Other,5.024625,12.270125,2016,my_examples_landsat_final/12.270124999999998_5.024625
Selective logging,Other,2.557958333,12.23404167,2016,my_examples_landsat_final/12.23404166666667_2.557958333333333
Selective logging,Other,2.962125,12.658625,2016,my_examples_landsat_final/12.658625_2.962125
Selective logging,Other,3.407875,14.555,2016,my_examples_landsat_final/14.554999999999998_3.4078749999999993
Selective logging,Other,4.185708333,14.02179167,2016,my_examples_landsat_final/14.021791666666669_4.185708333333334
Selective logging,Other,5.386125,12.515875,2016,my_examples_landsat_final/12.515875_5.386125
Selective logging,Other,2.4804375,15.245,2016,my_examples_landsat_final/15.245_2.4804375000000003
Selective logging,Other,2.108125,15.429875,2016,my_examples_landsat_final/15.429875000000001_2.108125
Selective logging,Other,4.916375,13.007125,2016,my_examples_landsat_final/13.007124999999998_4.9163749999999995
Selective logging,Other,3.404875,14.907125,2016,my_examples_landsat_final/14.907125_3.404875
Selective logging,Other,3.0125,15.354875,2016,my_examples_landsat_final/15.354874999999998_3.0124999999999997
Selective logging,Other,4.40675,10.695625,2016,my_examples_landsat_final/10.695625_4.4067500000000015
Selective logging,Other,3.7535,11.802625,2016,my_examples_landsat_final/11.802624999999999_3.7535000000000003
Selective logging,Other,2.519375,10.98375,2016,my_examples_landsat_final/10.98375_2.5193749999999997
Selective logging,Other,3.065,14.69725,2016,my_examples_landsat_final/14.697249999999999_3.065
Selective logging,Other,4.189806452,13.67296371,2016,my_examples_landsat_final/13.672963709677417_4.1898064516129025
Selective logging,Other,3.028375,15.456,2016,my_examples_landsat_final/15.456000000000001_3.028375
Selective logging,Other,5.971708333,9.342208333,2016,my_examples_landsat_final/9.342208333333332_5.971708333333333
Selective logging,Other,3.665548077,12.95027885,2016,my_examples_landsat_final/12.950278846153847_3.665548076923076
Selective logging,Other,4.062375,14.637375,2016,my_examples_landsat_final/14.637375_4.062374999999999
Selective logging,Other,3.80290625,13.050625,2016,my_examples_landsat_final/13.050624999999998_3.802906249999999
Selective logging,Other,3.614625,10.386625,2016,my_examples_landsat_final/10.386624999999999_3.6146249999999998
Selective logging,Other,3.078475,11.332675,2016,my_examples_landsat_final/11.332675_3.0784750000000005
Selective logging,Other,4.006625,14.08176136,2016,my_examples_landsat_final/14.081761363636362_4.006624999999999
Selective logging,Other,4.848125,9.882125,2016,my_examples_landsat_final/9.882125_4.848125
Selective logging,Other,5.613875,9.205625,2016,my_examples_landsat_final/9.205625000000001_5.613874999999999
Selective logging,Other,5.232625,12.663625,2016,my_examples_landsat_final/12.663624999999998_5.232625
Selective logging,Other,3.214513889,13.98204167,2016,my_examples_landsat_final/13.982041666666666_3.2145138888888884
Selective logging,Other,2.810725,12.290225,2016,my_examples_landsat_final/12.290225000000001_2.8107250000000006
Selective logging,Other,4.351708333,14.29120833,2016,my_examples_landsat_final/14.291208333333334_4.351708333333334
Selective logging,Other,2.428375,14.007875,2016,my_examples_landsat_final/14.007874999999999_2.428375
Selective logging,Other,4.8655,13.641875,2016,my_examples_landsat_final/13.641874999999999_4.865499999999999
Selective logging,Other,3.193125,14.9695,2016,my_examples_landsat_final/14.969499999999998_3.1931249999999993
Selective logging,Other,3.477625,10.668375,2016,my_examples_landsat_final/10.668375000000001_3.4776249999999997
Selective logging,Other,3.502375,12.531125,2016,my_examples_landsat_final/12.531125_3.502375
Selective logging,Other,4.195625,13.649875,2016,my_examples_landsat_final/13.649875000000002_4.195625000000001
Selective logging,Other,5.709458333,11.40545076,2016,my_examples_landsat_final/11.405450757575755_5.709458333333332
Selective logging,Other,5.808875,8.955375,2016,my_examples_landsat_final/8.955375_5.808875
Selective logging,Other,3.63625,13.93325,2016,my_examples_landsat_final/13.93325_3.6362499999999995
Selective logging,Other,3.728303571,13.38905357,2016,my_examples_landsat_final/13.389053571428569_3.728303571428571
Selective logging,Other,5.276625,13.691875,2016,my_examples_landsat_final/13.691875_5.276624999999999
Selective logging,Other,2.906791667,16.06754167,2016,my_examples_landsat_final/16.06754166666667_2.906791666666666
Selective logging,Other,4.7931875,10.404125,2016,my_examples_landsat_final/10.404125000000002_4.7931875
Selective logging,Other,2.761375,15.172825,2016,my_examples_landsat_final/15.172824999999998_2.7613750000000006
Selective logging,Other,5.197375,9.092875,2016,my_examples_landsat_final/9.092875000000001_5.197375
Selective logging,Other,4.209375,14.207375,2016,my_examples_landsat_final/14.207374999999999_4.209375
Selective logging,Other,5.299875,9.281625,2016,my_examples_landsat_final/9.281624999999998_5.299875
Selective logging,Other,3.407625,15.476375,2016,my_examples_landsat_final/15.476375_3.407625
Selective logging,Other,2.683375,11.201125,2016,my_examples_landsat_final/11.201125000000001_2.683375
Selective logging,Other,2.64425,12.33275,2016,my_examples_landsat_final/12.33275_2.6442500000000004
Selective logging,Other,3.0255,13.766625,2016,my_examples_landsat_final/13.766625_3.025499999999999
Selective logging,Other,2.400125,15.482875,2016,my_examples_landsat_final/15.482875_2.400125
Selective logging,Other,3.936275,12.927575,2016,my_examples_landsat_final/12.927575000000001_3.936275
Selective logging,Other,2.80275,14.357375,2016,my_examples_landsat_final/14.357375000000001_2.8027500000000005
Selective logging,Other,5.929875,9.0593125,2016,my_examples_landsat_final/9.059312499999997_5.929875
Selective logging,Other,2.510875,13.186125,2016,my_examples_landsat_final/13.186125000000002_2.510875
Selective logging,Other,4.557035,9.399115,2016,my_examples_landsat_final/9.399114999999998_4.557034999999999
Selective logging,Other,2.344375,10.688875,2016,my_examples_landsat_final/10.688875_2.3443750000000003
Selective logging,Other,2.734375,11.437375,2016,my_examples_landsat_final/11.437375_2.7343749999999996
Selective logging,Other,4.233541667,13.82654167,2016,my_examples_landsat_final/13.826541666666667_4.233541666666666
Selective logging,Other,3.817,13.547125,2016,my_examples_landsat_final/13.547125_3.817
Selective logging,Other,2.710375,13.609125,2016,my_examples_landsat_final/13.609125_2.7103749999999995
Selective logging,Other,3.636053571,10.64058929,2016,my_examples_landsat_final/10.640589285714286_3.6360535714285716
Selective logging,Other,5.043291667,13.49391667,2016,my_examples_landsat_final/13.493916666666667_5.043291666666668
Selective logging,Other,3.145375,15.132375,2016,my_examples_landsat_final/15.132375000000001_3.145375000000001
Selective logging,Other,4.824125,10.704375,2016,my_examples_landsat_final/10.704374999999999_4.8241249999999996
Selective logging,Other,3.191875,15.716875,2016,my_examples_landsat_final/15.716875000000002_3.191875
Selective logging,Other,3.630375,13.136625,2016,my_examples_landsat_final/13.136624999999999_3.630375
Selective logging,Other,3.454625,15.221375,2016,my_examples_landsat_final/15.221375_3.4546249999999996
Selective logging,Other,2.639875,12.957125,2016,my_examples_landsat_final/12.957125000000001_2.639875
Selective logging,Other,4.548125,13.257625,2016,my_examples_landsat_final/13.257625_4.548125
Selective logging,Other,2.871625,12.988875,2016,my_examples_landsat_final/12.988875000000002_2.871625
Selective logging,Other,3.719875,14.574875,2016,my_examples_landsat_final/14.574875_3.7198749999999996
Oil palm plantation,Plantation,3.132625,12.273625,2016,my_examples_landsat_final/12.273625000000001_3.132625
Oil palm plantation,Plantation,2.286875,11.281375,2016,my_examples_landsat_final/11.281374999999999_2.286875
Oil palm plantation,Plantation,3.081625,12.454125,2016,my_examples_landsat_final/12.454125000000001_3.0816249999999994
Rubber plantation,Plantation,3.202875,12.376375,2016,my_examples_landsat_final/12.376375_3.202875
Oil palm plantation,Plantation,3.068125,12.367875,2016,my_examples_landsat_final/12.367875_3.0681249999999993
Rubber plantation,Plantation,3.199375,12.401375,2016,my_examples_landsat_final/12.401375000000002_3.199375
Mining,Other,3.352125,10.608875,2016,my_examples_landsat_final/10.608875000000001_3.3521249999999996
Mining,Other,3.662825,10.623475,2016,my_examples_landsat_final/10.623475_3.662825
Mining,Other,2.6105,12.678,2016,my_examples_landsat_final/12.677999999999999_2.6104999999999996
Mining,Other,3.236625,15.623125,2016,my_examples_landsat_final/15.623125000000005_3.236625
Mining,Other,2.542875,12.762125,2016,my_examples_landsat_final/12.762125000000001_2.542875
Mining,Other,3.006625,14.188625,2016,my_examples_landsat_final/14.188625000000002_3.006625
Mining,Other,3.455375,13.834625,2016,my_examples_landsat_final/13.834624999999999_3.455375
Mining,Other,3.285541667,15.57829167,2016,my_examples_landsat_final/15.578291666666665_3.2855416666666666
Mining,Other,2.785875,13.888375,2016,my_examples_landsat_final/13.888375000000002_2.785875
Mining,Other,2.425875,12.805125,2016,my_examples_landsat_final/12.805125_2.4258750000000004
Mining,Other,2.646875,12.652,2016,my_examples_landsat_final/12.652000000000003_2.646875
Mining,Other,3.7735,10.656675,2016,my_examples_landsat_final/10.656675_3.7734999999999994
Mining,Other,3.32575,15.578625,2016,my_examples_landsat_final/15.578625_3.32575
Mining,Other,3.583125,10.753375,2016,my_examples_landsat_final/10.753374999999998_3.583125
Mining,Other,3.590125,10.618875,2016,my_examples_landsat_final/10.618875_3.590125
Mining,Other,3.378875,10.584375,2016,my_examples_landsat_final/10.584375000000001_3.378875
Mining,Other,3.298625,15.605625,2016,my_examples_landsat_final/15.605625000000002_3.2986250000000004
Mining,Other,3.353875,14.139125,2016,my_examples_landsat_final/14.139124999999998_3.3538750000000004
Mining,Other,3.6725,10.600875,2016,my_examples_landsat_final/10.600874999999998_3.6725000000000003
Oil palm plantation,Plantation,3.326625,15.596125,2016,my_examples_landsat_final/15.596124999999999_3.326625
Rubber plantation,Plantation,3.075375,12.418,2016,my_examples_landsat_final/12.417999999999997_3.075375
Rubber plantation,Plantation,3.0165,12.569625,2016,my_examples_landsat_final/12.569624999999998_3.0165
Rubber plantation,Plantation,3.236875,12.401375,2016,my_examples_landsat_final/12.401375000000002_3.2368750000000004
Other large-scale plantations,Plantation,3.63625,10.077125,2016,my_examples_landsat_final/10.077124999999997_3.6362499999999995
Other large-scale plantations,Plantation,3.891125,9.810125,2016,my_examples_landsat_final/9.810125_3.8911249999999997
Other large-scale plantations,Plantation,4.692625,14.179375,2016,my_examples_landsat_final/14.179375_4.692625
Fruit plantation,Plantation,4.739375,9.65925,2016,my_examples_landsat_final/9.65925_4.739375
Rubber plantation,Plantation,4.387625,9.580125,2016,my_examples_landsat_final/9.580124999999999_4.387625
Fruit plantation,Plantation,4.722125,9.708,2016,my_examples_landsat_final/9.708_4.722125
Other large-scale plantations,Plantation,4.136125,9.251875,2016,my_examples_landsat_final/9.251875_4.136125000000001
Fruit plantation,Plantation,4.852625,9.78525,2016,my_examples_landsat_final/9.785250000000001_4.852625
Other large-scale plantations,Plantation,3.858875,9.96,2016,my_examples_landsat_final/9.96_3.858875
Rubber plantation,Plantation,4.012803571,9.252339286,2016,my_examples_landsat_final/9.252339285714285_4.012803571428571
Other large-scale plantations,Plantation,4.188875,9.337875,2016,my_examples_landsat_final/9.337875_4.1888749999999995
Other large-scale plantations,Plantation,6.384875,10.807375,2016,my_examples_landsat_final/10.807374999999999_6.384875
Other large-scale plantations,Plantation,6.096875,10.398375,2016,my_examples_landsat_final/10.398375_6.096875
Fruit plantation,Plantation,4.727125,9.772875,2016,my_examples_landsat_final/9.772874999999999_4.727125
Rubber plantation,Plantation,3.974125,9.234875,2016,my_examples_landsat_final/9.234875_3.974125
Rubber plantation,Plantation,4.436375,9.400125,2016,my_examples_landsat_final/9.400125_4.436375
Other large-scale plantations,Plantation,6.084791667,10.35520833,2016,my_examples_landsat_final/10.355208333333335_6.084791666666667
Other large-scale plantations,Plantation,3.627625,10.088375,2017,my_examples_landsat_final/10.088375000000001_3.6276249999999997
Other large-scale plantations,Plantation,3.898375,9.826125,2017,my_examples_landsat_final/9.826125000000003_3.8983749999999997
Other large-scale plantations,Plantation,4.691625,14.185875,2017,my_examples_landsat_final/14.185874999999998_4.691624999999999
Fruit plantation,Plantation,4.724625,9.649625,2017,my_examples_landsat_final/9.649625_4.724625
Rubber plantation,Plantation,4.387125,9.581,2017,my_examples_landsat_final/9.581_4.387125
Fruit plantation,Plantation,4.723232143,9.714410714,2017,my_examples_landsat_final/9.714410714285714_4.723232142857142
Other large-scale plantations,Plantation,4.132325,9.252875,2017,my_examples_landsat_final/9.252874999999998_4.132324999999998
Rubber plantation,Plantation,3.011875,12.568125,2017,my_examples_landsat_final/12.568124999999998_3.011875
Fruit plantation,Plantation,4.847319444,9.790763889,2017,my_examples_landsat_final/9.79076388888889_4.847319444444445
Other large-scale plantations,Plantation,3.867375,9.959075,2017,my_examples_landsat_final/9.959075000000002_3.8673749999999996
Rubber plantation,Plantation,4.013125,9.270375,2017,my_examples_landsat_final/9.270375000000001_4.013125000000001
Other large-scale plantations,Plantation,6.385375,10.821375,2017,my_examples_landsat_final/10.821374999999998_6.385375
Other large-scale plantations,Plantation,6.101075,10.398525,2017,my_examples_landsat_final/10.398525000000001_6.101075
Fruit plantation,Plantation,4.727847222,9.773208333,2017,my_examples_landsat_final/9.773208333333335_4.7278472222222225
Rubber plantation,Plantation,4.409125,9.373875,2017,my_examples_landsat_final/9.373875_4.4091249999999995
Rubber plantation,Plantation,3.076125,12.426875,2017,my_examples_landsat_final/12.426874999999999_3.0761249999999998
Other large-scale plantations,Plantation,6.085525,10.361175,2017,my_examples_landsat_final/10.361175000000001_6.085525000000001
Rubber plantation,Plantation,3.238375,12.415875,2017,my_examples_landsat_final/12.415875_3.238375
Mining,Other,3.350875,10.60725,2017,my_examples_landsat_final/10.60725_3.3508750000000003
Mining,Other,3.626791667,10.75279167,2017,my_examples_landsat_final/10.752791666666667_3.6267916666666666
Mining,Other,2.459125,12.817,2017,my_examples_landsat_final/12.817000000000002_2.459125
Mining,Other,2.555089286,9.941196429,2017,my_examples_landsat_final/9.941196428571427_2.555089285714285
Mining,Other,3.447125,10.677625,2017,my_examples_landsat_final/10.677625_3.4471249999999998
Mining,Other,2.969336538,14.14977885,2017,my_examples_landsat_final/14.149778846153845_2.9693365384615387
Mining,Other,3.279625,15.59625,2017,my_examples_landsat_final/15.596250000000001_3.279625
Mining,Other,2.645785714,12.65308929,2017,my_examples_landsat_final/12.65308928571429_2.6457857142857137
Mining,Other,3.770541667,10.65254167,2017,my_examples_landsat_final/10.65254166666667_3.770541666666668
Mining,Other,3.333125,15.569,2017,my_examples_landsat_final/15.568999999999997_3.333125
Mining,Other,2.613125,12.674125,2017,my_examples_landsat_final/12.674125_2.6131249999999993
Mining,Other,3.586,10.758625,2017,my_examples_landsat_final/10.758624999999999_3.5860000000000003
Mining,Other,3.588875,10.619,2017,my_examples_landsat_final/10.618999999999998_3.588875
Mining,Other,3.378875,10.584125,2017,my_examples_landsat_final/10.584125_3.378875
Mining,Other,3.3525,14.1395,2017,my_examples_landsat_final/14.1395_3.3524999999999996
Mining,Other,3.67325,10.594875,2017,my_examples_landsat_final/10.594875_3.67325
Mining,Other,3.552041667,10.77479167,2017,my_examples_landsat_final/10.774791666666667_3.552041666666667
Mining,Other,3.663,10.6411875,2017,my_examples_landsat_final/10.641187499999997_3.6629999999999994
Oil palm plantation,Plantation,4.542227941,9.542742647,2017,my_examples_landsat_final/9.542742647058821_4.54222794117647
Other large-scale plantations,Plantation,3.66125,10.05925,2017,my_examples_landsat_final/10.059249999999999_3.66125
Oil palm plantation,Plantation,3.789625,9.874875,2017,my_examples_landsat_final/9.874875_3.789625
Oil palm plantation,Plantation,5.600147727,10.11057955,2017,my_examples_landsat_final/10.110579545454547_5.600147727272725
Other large-scale plantations,Plantation,3.89884375,9.8060625,2017,my_examples_landsat_final/9.8060625_3.8988437499999993
Oil palm plantation,Plantation,3.927053571,9.895160714,2017,my_examples_landsat_final/9.895160714285714_3.927053571428573
Oil palm plantation,Plantation,5.039125,9.06525,2017,my_examples_landsat_final/9.065249999999999_5.039125
Oil palm plantation,Plantation,4.161041667,9.597708333,2017,my_examples_landsat_final/9.597708333333333_4.161041666666667
Oil palm plantation,Plantation,3.715754032,10.64581855,2017,my_examples_landsat_final/10.645818548387096_3.715754032258064
Other large-scale plantations,Plantation,4.691875,14.186125,2017,my_examples_landsat_final/14.186125_4.691874999999999
Fruit plantation,Plantation,4.728075,9.655975,2017,my_examples_landsat_final/9.655975_4.7280750000000005
Rubber plantation,Plantation,4.393395833,9.582520833,2017,my_examples_landsat_final/9.582520833333334_4.393395833333333
Oil palm plantation,Plantation,4.261041667,8.977208333,2017,my_examples_landsat_final/8.977208333333333_4.261041666666666
Oil palm plantation,Plantation,5.156805556,9.299,2017,my_examples_landsat_final/9.299000000000003_5.1568055555555565
Oil palm plantation,Plantation,4.51325,8.987625,2017,my_examples_landsat_final/8.987625_4.513249999999999
Fruit plantation,Plantation,4.723375,9.71325,2017,my_examples_landsat_final/9.71325_4.723374999999999
Oil palm plantation,Plantation,3.628525,10.666925,2017,my_examples_landsat_final/10.666924999999997_3.6285249999999993
Other large-scale plantations,Plantation,4.137125,9.254375,2017,my_examples_landsat_final/9.254375000000001_4.137125
Oil palm plantation,Plantation,4.90775,8.830375,2017,my_examples_landsat_final/8.830375_4.90775
Oil palm plantation,Plantation,4.05425,9.199125,2017,my_examples_landsat_final/9.199125_4.05425
Oil palm plantation,Plantation,5.194125,9.464625,2017,my_examples_landsat_final/9.464625000000002_5.194125
Oil palm plantation,Plantation,4.133625,9.320625,2017,my_examples_landsat_final/9.320625000000001_4.133624999999999
Rubber plantation,Plantation,3.012541667,12.58104167,2017,my_examples_landsat_final/12.58104166666667_3.0125416666666665
Oil palm plantation,Plantation,4.096942308,9.218028846,2017,my_examples_landsat_final/9.21802884615385_4.096942307692309
Fruit plantation,Plantation,4.8479375,9.786583333,2017,my_examples_landsat_final/9.786583333333335_4.8479375
Oil palm plantation,Plantation,3.652,10.644875,2017,my_examples_landsat_final/10.644875_3.652
Other large-scale plantations,Plantation,3.86803125,9.967296875,2017,my_examples_landsat_final/9.967296875_3.86803125
Rubber plantation,Plantation,4.013375,9.270125,2017,my_examples_landsat_final/9.270125_4.013374999999999
Oil palm plantation,Plantation,3.997625,10.485875,2017,my_examples_landsat_final/10.485875_3.9976249999999998
Oil palm plantation,Plantation,5.155125,9.435375,2017,my_examples_landsat_final/9.435375_5.155125
Oil palm plantation,Plantation,4.032625,9.118375,2017,my_examples_landsat_final/9.118374999999999_4.0326249999999995
Other large-scale plantations,Plantation,6.38575,10.821625,2017,my_examples_landsat_final/10.821625000000001_6.385750000000001
Other large-scale plantations,Plantation,6.111541667,10.39648611,2017,my_examples_landsat_final/10.396486111111109_6.111541666666667
Fruit plantation,Plantation,4.731,9.771125,2017,my_examples_landsat_final/9.771125000000001_4.731
Oil palm plantation,Plantation,4.150193182,8.995602273,2017,my_examples_landsat_final/8.995602272727274_4.150193181818182
Oil palm plantation,Plantation,4.459455954,9.123238712,2017,my_examples_landsat_final/9.123238711819388_4.45945595396193
Rubber plantation,Plantation,4.439375,9.395625,2017,my_examples_landsat_final/9.395624999999997_4.439374999999999
Rubber plantation,Plantation,3.07625,12.420625,2017,my_examples_landsat_final/12.420625_3.0762499999999995
Oil palm plantation,Plantation,4.531553571,9.116482143,2017,my_examples_landsat_final/9.116482142857143_4.531553571428572
Oil palm plantation,Plantation,5.155625,9.321875,2017,my_examples_landsat_final/9.321875_5.1556250000000015
Oil palm plantation,Plantation,4.227903846,9.030086538,2017,my_examples_landsat_final/9.030086538461536_4.227903846153845
Oil palm plantation,Plantation,4.99025,8.906125,2017,my_examples_landsat_final/8.906125_4.99025
Rubber plantation,Plantation,3.968375,9.2325,2017,my_examples_landsat_final/9.2325_3.968375
Oil palm plantation,Plantation,5.321980882,9.472798529,2017,my_examples_landsat_final/9.47279852941177_5.321980882352945
Oil palm plantation,Plantation,5.086,9.024,2017,my_examples_landsat_final/9.024_5.086
Other large-scale plantations,Plantation,6.088969828,10.36138362,2017,my_examples_landsat_final/10.361383620689654_6.088969827586206
Rubber plantation,Plantation,3.238375,12.414375,2017,my_examples_landsat_final/12.414375_3.238375
Oil palm plantation,Plantation,3.726223214,10.58213393,2017,my_examples_landsat_final/10.582133928571425_3.7262232142857132
Oil palm plantation,Plantation,4.093208333,9.202958333,2017,my_examples_landsat_final/9.202958333333333_4.093208333333332
Oil palm plantation,Plantation,4.6653125,9.070875,2017,my_examples_landsat_final/9.070875_4.665312500000001
Oil palm plantation,Plantation,4.461125,8.952375,2017,my_examples_landsat_final/8.952375000000002_4.461125
Oil palm plantation,Plantation,4.56625,9.052375,2017,my_examples_landsat_final/9.052375_4.566249999999999
Oil palm plantation,Plantation,5.18325,9.34125,2017,my_examples_landsat_final/9.34125_5.18325
Oil palm plantation,Plantation,5.172333333,9.431541667,2017,my_examples_landsat_final/9.431541666666668_5.172333333333334
Timber plantation,Plantation,1.955125,15.85075,2017,my_examples_landsat_final/15.85075_1.955125
Timber plantation,Plantation,1.914125,15.898125,2017,my_examples_landsat_final/15.898125_1.9141249999999996
Timber plantation,Plantation,1.844,15.845375,2017,my_examples_landsat_final/15.845375_1.844
Timber plantation,Plantation,1.954675,15.853225,2017,my_examples_landsat_final/15.853225_1.9546750000000002
Timber plantation,Plantation,1.964125,15.885875,2017,my_examples_landsat_final/15.885874999999999_1.9641250000000001
Timber plantation,Plantation,1.9255,15.878,2017,my_examples_landsat_final/15.878_1.9254999999999998
Timber plantation,Plantation,1.907,15.92075,2017,my_examples_landsat_final/15.920750000000002_1.9069999999999998
Timber plantation,Plantation,1.968875,15.889,2017,my_examples_landsat_final/15.889_1.9688749999999997
Timber plantation,Plantation,1.933958333,15.88804167,2017,my_examples_landsat_final/15.888041666666664_1.9339583333333337
Timber plantation,Plantation,1.939375,15.883125,2017,my_examples_landsat_final/15.883125000000001_1.939375
Timber plantation,Plantation,1.9125,15.874875,2017,my_examples_landsat_final/15.874875_1.9124999999999996
Timber plantation,Plantation,1.901375,15.94219643,2017,my_examples_landsat_final/15.942196428571432_1.9013750000000005
Timber plantation,Plantation,1.770125,16.01125,2017,my_examples_landsat_final/16.011249999999997_1.770124999999999
Timber plantation,Plantation,1.9343125,15.8793125,2017,my_examples_landsat_final/15.879312500000001_1.9343125
Timber plantation,Plantation,1.915375,15.880875,2017,my_examples_landsat_final/15.880875000000001_1.9153749999999998
Timber plantation,Plantation,1.9295,15.857,2017,my_examples_landsat_final/15.857_1.9295000000000004
Timber plantation,Plantation,1.9171875,15.874375,2017,my_examples_landsat_final/15.874375_1.9171875000000007
Timber plantation,Plantation,1.929875,15.85875,2017,my_examples_landsat_final/15.858749999999997_1.9298749999999998
Timber plantation,Plantation,1.913875,15.87525,2017,my_examples_landsat_final/15.87525_1.913875
Timber plantation,Plantation,1.934625,15.875875,2017,my_examples_landsat_final/15.875875000000002_1.9346249999999996
Timber plantation,Plantation,1.825,15.8705,2017,my_examples_landsat_final/15.870499999999998_1.825
Timber plantation,Plantation,1.954375,15.844875,2017,my_examples_landsat_final/15.844875_1.9543750000000006
Timber plantation,Plantation,1.911125,15.915125,2017,my_examples_landsat_final/15.915125_1.911124999999999
Timber plantation,Plantation,1.781513889,15.94334722,2017,my_examples_landsat_final/15.943347222222227_1.78151388888889
Timber plantation,Plantation,1.877125,15.974125,2017,my_examples_landsat_final/15.974124999999997_1.8771250000000004
Timber plantation,Plantation,1.957413462,15.85406731,2017,my_examples_landsat_final/15.85406730769231_1.957413461538461
Timber plantation,Plantation,1.912375,15.909875,2017,my_examples_landsat_final/15.909874999999998_1.912375
Timber plantation,Plantation,1.962375,15.85184722,2017,my_examples_landsat_final/15.851847222222217_1.962374999999999
Timber plantation,Plantation,1.948291667,15.83316667,2017,my_examples_landsat_final/15.833166666666665_1.948291666666667
Timber plantation,Plantation,1.900625,15.942875,2017,my_examples_landsat_final/15.942875000000003_1.9006249999999998
Timber plantation,Plantation,1.770125,16.007875,2017,my_examples_landsat_final/16.007875_1.7701249999999995
Timber plantation,Plantation,1.904625,15.936125,2017,my_examples_landsat_final/15.936125000000002_1.904625
Timber plantation,Plantation,1.786810484,15.92014113,2017,my_examples_landsat_final/15.920141129032256_1.7868104838709673
Timber plantation,Plantation,1.95540625,15.84865625,2017,my_examples_landsat_final/15.84865625_1.9554062500000005
Timber plantation,Plantation,1.905125,15.931875,2017,my_examples_landsat_final/15.931875000000002_1.9051250000000002
Timber plantation,Plantation,1.768875,16.003625,2017,my_examples_landsat_final/16.003624999999996_1.7688750000000006
Timber plantation,Plantation,1.927708333,15.86170833,2017,my_examples_landsat_final/15.861708333333334_1.9277083333333334
Timber plantation,Plantation,1.911375,15.874125,2017,my_examples_landsat_final/15.874125000000003_1.9113749999999998
Timber plantation,Plantation,1.932513889,15.88468056,2017,my_examples_landsat_final/15.884680555555555_1.9325138888888886
Timber plantation,Plantation,1.954875,15.845125,2017,my_examples_landsat_final/15.845125_1.9548750000000004
Timber plantation,Plantation,1.9256,15.885175,2017,my_examples_landsat_final/15.885175000000004_1.9256
Timber plantation,Plantation,1.913325,15.903475,2017,my_examples_landsat_final/15.903474999999998_1.9133250000000002
Timber plantation,Plantation,1.896625,15.947625,2017,my_examples_landsat_final/15.947624999999999_1.8966249999999993
Timber plantation,Plantation,1.920125,15.87675,2017,my_examples_landsat_final/15.87675_1.9201249999999994
Timber plantation,Plantation,1.899775,15.868925,2017,my_examples_landsat_final/15.868924999999999_1.8997749999999998
Timber plantation,Plantation,1.913291667,15.86320833,2017,my_examples_landsat_final/15.863208333333336_1.9132916666666662
Timber plantation,Plantation,1.950541667,15.84004167,2017,my_examples_landsat_final/15.840041666666664_1.9505416666666662
Timber plantation,Plantation,1.956041667,15.85370833,2017,my_examples_landsat_final/15.853708333333332_1.9560416666666673
Timber plantation,Plantation,1.955125,15.8455,2017,my_examples_landsat_final/15.845499999999998_1.955125
Timber plantation,Plantation,1.791125,15.882125,2017,my_examples_landsat_final/15.882125_1.791125
Timber plantation,Plantation,1.902776042,15.87088542,2017,my_examples_landsat_final/15.870885416666663_1.9027760416666673
Timber plantation,Plantation,1.953975,15.846325,2017,my_examples_landsat_final/15.846324999999998_1.9539749999999994
Timber plantation,Plantation,1.926875,15.884875,2017,my_examples_landsat_final/15.884875_1.926875
Timber plantation,Plantation,1.924732143,15.87716071,2017,my_examples_landsat_final/15.877160714285713_1.924732142857143
Timber plantation,Plantation,1.937791667,15.87445833,2017,my_examples_landsat_final/15.874458333333333_1.9377916666666666
Timber plantation,Plantation,1.783375,15.92975,2017,my_examples_landsat_final/15.92975_1.7833749999999993
Timber plantation,Plantation,1.927943709,15.88414136,2017,my_examples_landsat_final/15.884141364902483_1.9279437093779022
Timber plantation,Plantation,1.933085784,15.88703186,2017,my_examples_landsat_final/15.8870318627451_1.933085784313725
Timber plantation,Plantation,1.908,15.865125,2017,my_examples_landsat_final/15.865125_1.9080000000000004
Timber plantation,Plantation,1.768125,16.002625,2017,my_examples_landsat_final/16.002625_1.7681250000000004
Timber plantation,Plantation,1.961625,15.863625,2017,my_examples_landsat_final/15.863624999999999_1.961625
Timber plantation,Plantation,1.901041667,15.86904167,2017,my_examples_landsat_final/15.869041666666662_1.901041666666666
Timber plantation,Plantation,1.911625,15.913625,2017,my_examples_landsat_final/15.913625_1.911625
Timber plantation,Plantation,1.898904412,15.87043382,2017,my_examples_landsat_final/15.870433823529407_1.8989044117647054
Timber plantation,Plantation,1.956458333,15.85745833,2017,my_examples_landsat_final/15.857458333333332_1.9564583333333332
Timber plantation,Plantation,1.937375,15.875125,2017,my_examples_landsat_final/15.875125000000002_1.9373750000000005
Timber plantation,Plantation,1.963875,15.857125,2017,my_examples_landsat_final/15.857124999999998_1.9638749999999998
Timber plantation,Plantation,1.934056818,15.82373864,2017,my_examples_landsat_final/15.823738636363638_1.9340568181818185
Timber plantation,Plantation,1.934625,15.88,2017,my_examples_landsat_final/15.88_1.9346249999999996
Timber plantation,Plantation,1.792,15.914875,2017,my_examples_landsat_final/15.914875_1.792
Timber plantation,Plantation,1.9623125,15.8571875,2017,my_examples_landsat_final/15.857187500000002_1.9623125000000001
Timber plantation,Plantation,1.768902778,16.00451389,2017,my_examples_landsat_final/16.00451388888889_1.7689027777777768
Timber plantation,Plantation,1.939625,15.87269643,2017,my_examples_landsat_final/15.872696428571428_1.9396249999999993
Timber plantation,Plantation,1.914375,15.897875,2017,my_examples_landsat_final/15.897875_1.9143749999999995
Timber plantation,Plantation,1.823625,15.870875,2017,my_examples_landsat_final/15.870875_1.8236249999999996
Timber plantation,Plantation,1.797171875,15.89004688,2017,my_examples_landsat_final/15.890046875_1.7971718749999996
Timber plantation,Plantation,1.939375,15.881875,2017,my_examples_landsat_final/15.881875000000003_1.939375
Timber plantation,Plantation,1.951125,15.836375,2017,my_examples_landsat_final/15.836375000000002_1.9511250000000004
Timber plantation,Plantation,1.929,15.859875,2017,my_examples_landsat_final/15.859874999999999_1.9289999999999994
Timber plantation,Plantation,1.925375,15.891375,2017,my_examples_landsat_final/15.891375000000002_1.9253749999999996
Timber plantation,Plantation,1.964375,15.860375,2017,my_examples_landsat_final/15.860375_1.9643749999999993
Timber plantation,Plantation,1.925708333,15.88340278,2017,my_examples_landsat_final/15.883402777777778_1.9257083333333334
Timber plantation,Plantation,1.918625,15.872875,2017,my_examples_landsat_final/15.872875_1.9186249999999998
Timber plantation,Plantation,1.93325,15.886125,2017,my_examples_landsat_final/15.886124999999998_1.93325
Timber plantation,Plantation,1.959375,15.858375,2017,my_examples_landsat_final/15.858375_1.9593749999999996
Timber plantation,Plantation,1.91,15.874625,2017,my_examples_landsat_final/15.874625000000002_1.909999999999999
Timber plantation,Plantation,1.929975,15.860375,2017,my_examples_landsat_final/15.860375000000001_1.929975
Timber plantation,Plantation,2.034822368,15.853375,2017,my_examples_landsat_final/15.853375000000003_2.0348223684210525
Timber plantation,Plantation,1.92975,15.865875,2017,my_examples_landsat_final/15.865875000000003_1.9297499999999994
Timber plantation,Plantation,1.776541667,15.95070833,2017,my_examples_landsat_final/15.950708333333333_1.7765416666666662
Timber plantation,Plantation,1.909875,15.916625,2017,my_examples_landsat_final/15.916625000000002_1.9098749999999993
Timber plantation,Plantation,1.931625,15.888125,2017,my_examples_landsat_final/15.888124999999997_1.9316249999999993
Timber plantation,Plantation,1.913875,15.880625,2017,my_examples_landsat_final/15.880624999999998_1.9138749999999998
Timber plantation,Plantation,1.963125,15.8854375,2017,my_examples_landsat_final/15.885437499999998_1.9631249999999993
Timber plantation,Plantation,1.937544355,15.88535887,2017,my_examples_landsat_final/15.885358870967748_1.9375443548387101
Timber plantation,Plantation,1.808105769,15.89286058,2017,my_examples_landsat_final/15.89286057692308_1.8081057692307692
Timber plantation,Plantation,1.959875,15.825625,2017,my_examples_landsat_final/15.825624999999999_1.959874999999999
Timber plantation,Plantation,1.770375,16.011625,2017,my_examples_landsat_final/16.011625_1.7703749999999996
Timber plantation,Plantation,1.90585119,15.92725595,2017,my_examples_landsat_final/15.92725595238095_1.9058511904761903
Timber plantation,Plantation,1.953347222,15.84443056,2017,my_examples_landsat_final/15.844430555555558_1.953347222222221
Timber plantation,Plantation,1.921458333,15.89220833,2017,my_examples_landsat_final/15.892208333333334_1.9214583333333337
Timber plantation,Plantation,1.91,15.8665,2017,my_examples_landsat_final/15.8665_1.9099999999999993
Timber plantation,Plantation,1.933875,15.87725,2017,my_examples_landsat_final/15.877250000000004_1.9338749999999998
Timber plantation,Plantation,1.794541667,15.91604167,2017,my_examples_landsat_final/15.916041666666663_1.7945416666666671
Timber plantation,Plantation,1.929875,15.856625,2017,my_examples_landsat_final/15.856624999999998_1.929875
Timber plantation,Plantation,1.768625,16.005125,2017,my_examples_landsat_final/16.005125_1.768625
Timber plantation,Plantation,1.925375,15.882125,2017,my_examples_landsat_final/15.882125_1.925375
Timber plantation,Plantation,1.951875,15.84475,2017,my_examples_landsat_final/15.844749999999998_1.9518750000000005
Timber plantation,Plantation,1.89375,15.951125,2017,my_examples_landsat_final/15.951125_1.8937499999999998
Timber plantation,Plantation,1.959041667,15.85645833,2017,my_examples_landsat_final/15.856458333333334_1.9590416666666661
Timber plantation,Plantation,1.876625,15.974125,2017,my_examples_landsat_final/15.974124999999997_1.876625
Timber plantation,Plantation,1.962291667,15.86479167,2017,my_examples_landsat_final/15.864791666666667_1.9622916666666668
Timber plantation,Plantation,1.919875,15.890125,2017,my_examples_landsat_final/15.890125000000001_1.9198750000000002
Timber plantation,Plantation,1.959375,15.86225,2017,my_examples_landsat_final/15.86225_1.9593749999999996
Timber plantation,Plantation,1.95325,15.851625,2017,my_examples_landsat_final/15.851625_1.95325
Timber plantation,Plantation,1.91875,15.861125,2017,my_examples_landsat_final/15.861125000000005_1.9187500000000004
Timber plantation,Plantation,1.914125,15.897625,2017,my_examples_landsat_final/15.897625000000001_1.9141249999999996
Timber plantation,Plantation,1.960725,15.883175,2017,my_examples_landsat_final/15.883175000000001_1.9607250000000005
Timber plantation,Plantation,1.9415,15.833125,2017,my_examples_landsat_final/15.833124999999999_1.9414999999999998
Timber plantation,Plantation,1.931009615,15.88670192,2017,my_examples_landsat_final/15.88670192307692_1.9310096153846157
Timber plantation,Plantation,1.915875,15.862375,2017,my_examples_landsat_final/15.862374999999998_1.9158749999999998
Timber plantation,Plantation,1.913875,15.90125,2017,my_examples_landsat_final/15.901250000000003_1.9138750000000002
Timber plantation,Plantation,1.905375,15.930125,2017,my_examples_landsat_final/15.930125000000002_1.905375
Timber plantation,Plantation,1.900375,15.943125,2017,my_examples_landsat_final/15.943125_1.9003749999999995
Timber plantation,Plantation,1.942215909,15.96035227,2017,my_examples_landsat_final/15.96035227272727_1.9422159090909081
Timber plantation,Plantation,1.93225,15.889,2017,my_examples_landsat_final/15.889_1.93225
Timber plantation,Plantation,1.924375,15.879625,2017,my_examples_landsat_final/15.879625_1.9243750000000004
Timber plantation,Plantation,1.915625,15.85575,2017,my_examples_landsat_final/15.855749999999999_1.9156249999999992
Timber plantation,Plantation,1.953291667,15.84995833,2017,my_examples_landsat_final/15.849958333333332_1.9532916666666658
Timber plantation,Plantation,1.919541667,15.87804167,2017,my_examples_landsat_final/15.878041666666666_1.9195416666666665
Timber plantation,Plantation,1.780875,15.944,2017,my_examples_landsat_final/15.944_1.7808749999999993
Timber plantation,Plantation,1.94875,15.835375,2017,my_examples_landsat_final/15.835375_1.9487499999999995
Timber plantation,Plantation,1.921458333,15.89089167,2017,my_examples_landsat_final/15.890891666666667_1.921458333333334
Timber plantation,Plantation,1.841034091,16.016625,2017,my_examples_landsat_final/16.016625_1.8410340909090914
Timber plantation,Plantation,1.937625,15.887,2017,my_examples_landsat_final/15.887_1.937625
Timber plantation,Plantation,1.913,15.872625,2017,my_examples_landsat_final/15.872625000000001_1.9129999999999996
Timber plantation,Plantation,1.90025,15.87225,2017,my_examples_landsat_final/15.872250000000001_1.9002499999999998
Timber plantation,Plantation,1.917125,15.878,2017,my_examples_landsat_final/15.878_1.9171249999999993
Timber plantation,Plantation,1.89859375,15.8678125,2017,my_examples_landsat_final/15.867812500000003_1.898593749999999
Timber plantation,Plantation,1.895375,15.949375,2017,my_examples_landsat_final/15.949375000000002_1.8953749999999998
Timber plantation,Plantation,1.914625,15.89125,2017,my_examples_landsat_final/15.89125_1.9146250000000002
Timber plantation,Plantation,1.93225,15.885875,2017,my_examples_landsat_final/15.885874999999999_1.9322499999999998
Timber plantation,Plantation,1.843625,15.845625,2017,my_examples_landsat_final/15.845624999999998_1.843625
Timber plantation,Plantation,1.92775,15.857,2017,my_examples_landsat_final/15.857000000000003_1.9277499999999994
Timber plantation,Plantation,1.93125,15.883625,2017,my_examples_landsat_final/15.883624999999999_1.9312499999999997
Timber plantation,Plantation,1.935791667,15.87358333,2017,my_examples_landsat_final/15.873583333333334_1.9357916666666664
Timber plantation,Plantation,1.91275,15.8785,2017,my_examples_landsat_final/15.878500000000003_1.91275
Timber plantation,Plantation,1.851625,15.8355,2017,my_examples_landsat_final/15.8355_1.8516249999999994
Timber plantation,Plantation,1.92675,15.875,2017,my_examples_landsat_final/15.875000000000002_1.926749999999999
Timber plantation,Plantation,1.928041667,15.85954167,2017,my_examples_landsat_final/15.859541666666667_1.9280416666666667
Timber plantation,Plantation,1.936025,15.875075,2017,my_examples_landsat_final/15.875075_1.9360249999999997
Timber plantation,Plantation,1.920110294,15.87268382,2017,my_examples_landsat_final/15.872683823529412_1.920110294117647
Timber plantation,Plantation,1.79725,15.888625,2017,my_examples_landsat_final/15.888625000000001_1.7972499999999998
Timber plantation,Plantation,1.905625,15.86675,2017,my_examples_landsat_final/15.866750000000003_1.9056249999999997
Timber plantation,Plantation,1.94925,15.832875,2017,my_examples_landsat_final/15.832875000000003_1.9492500000000001
Timber plantation,Plantation,1.9356875,15.8849375,2017,my_examples_landsat_final/15.884937500000001_1.9356875
Timber plantation,Plantation,2.136875,15.911375,2017,my_examples_landsat_final/15.911375_2.136875
Timber plantation,Plantation,1.9213125,15.8738125,2017,my_examples_landsat_final/15.873812500000001_1.9213124999999995
Timber plantation,Plantation,1.839325,15.866275,2017,my_examples_landsat_final/15.866274999999998_1.8393249999999999
Timber plantation,Plantation,1.91625,15.877,2017,my_examples_landsat_final/15.877_1.9162499999999998
Timber plantation,Plantation,1.934070652,15.88382609,2017,my_examples_landsat_final/15.883826086956525_1.934070652173913
Timber plantation,Plantation,1.9155,15.879125,2017,my_examples_landsat_final/15.879125000000002_1.9155
Timber plantation,Plantation,1.9481,15.83445,2017,my_examples_landsat_final/15.83445_1.9480999999999993
Timber plantation,Plantation,1.929,15.862125,2017,my_examples_landsat_final/15.862125_1.9289999999999994
Timber plantation,Plantation,1.844125,15.846125,2017,my_examples_landsat_final/15.846125000000002_1.844125
Timber plantation,Plantation,1.791375,15.882375,2017,my_examples_landsat_final/15.882374999999998_1.7913749999999993
Timber plantation,Plantation,1.954875,15.8445,2017,my_examples_landsat_final/15.844499999999998_1.9548750000000004
Timber plantation,Plantation,1.93275,15.888625,2017,my_examples_landsat_final/15.888625_1.9327499999999995
Timber plantation,Plantation,1.914663462,15.88724038,2017,my_examples_landsat_final/15.887240384615382_1.9146634615384612
Timber plantation,Plantation,1.893375,15.951375,2017,my_examples_landsat_final/15.951375_1.8933749999999996
Timber plantation,Plantation,1.931,15.8645,2017,my_examples_landsat_final/15.8645_1.931
Timber plantation,Plantation,1.915375,15.882125,2017,my_examples_landsat_final/15.882124999999997_1.9153749999999998
Timber plantation,Plantation,2.022875,16.052125,2017,my_examples_landsat_final/16.052125_2.0228749999999995
Timber plantation,Plantation,1.9344375,15.872625,2017,my_examples_landsat_final/15.872625000000005_1.9344375
Timber plantation,Plantation,1.92375,15.874375,2017,my_examples_landsat_final/15.874374999999999_1.92375
Timber plantation,Plantation,1.924875,15.878375,2017,my_examples_landsat_final/15.878375000000002_1.9248750000000001
Timber plantation,Plantation,1.781875,15.942125,2017,my_examples_landsat_final/15.942125000000003_1.7818750000000008
Timber plantation,Plantation,1.938041667,15.88629167,2017,my_examples_landsat_final/15.886291666666665_1.9380416666666664
Timber plantation,Plantation,1.933875,15.879375,2017,my_examples_landsat_final/15.879374999999998_1.9338749999999998
Timber plantation,Plantation,1.851875,15.835,2017,my_examples_landsat_final/15.835_1.8518749999999995
Timber plantation,Plantation,1.927375,15.862125,2017,my_examples_landsat_final/15.862124999999999_1.9273749999999996
Timber plantation,Plantation,1.952125,15.834625,2017,my_examples_landsat_final/15.834624999999997_1.9521249999999997
Timber plantation,Plantation,1.793975,15.885075,2017,my_examples_landsat_final/15.885075000000002_1.7939749999999999
Timber plantation,Plantation,1.8675625,16.0418125,2017,my_examples_landsat_final/16.0418125_1.8675624999999996
Timber plantation,Plantation,1.948525,15.836325,2017,my_examples_landsat_final/15.836325000000002_1.9485250000000005
Timber plantation,Plantation,1.906279762,15.92379167,2017,my_examples_landsat_final/15.923791666666668_1.906279761904762
Timber plantation,Plantation,1.939375,15.812875,2017,my_examples_landsat_final/15.812875_1.9393749999999998
Timber plantation,Plantation,1.912125,15.861,2017,my_examples_landsat_final/15.861_1.9121249999999996
Timber plantation,Plantation,1.958958333,15.85420833,2017,my_examples_landsat_final/15.854208333333334_1.9589583333333334
Timber plantation,Plantation,1.950458333,15.83704167,2017,my_examples_landsat_final/15.83704166666667_1.9504583333333334
Timber plantation,Plantation,1.93525,15.87675,2017,my_examples_landsat_final/15.87675_1.9352499999999997
Timber plantation,Plantation,1.93625,15.888875,2017,my_examples_landsat_final/15.888875_1.93625
Timber plantation,Plantation,1.909125,15.8735,2017,my_examples_landsat_final/15.8735_1.9091250000000002
Timber plantation,Plantation,1.924375,15.891875,2017,my_examples_landsat_final/15.891874999999999_1.9243750000000004
Timber plantation,Plantation,1.949875,15.836375,2017,my_examples_landsat_final/15.836375000000002_1.9498749999999996
Timber plantation,Plantation,1.962375,15.859375,2017,my_examples_landsat_final/15.859374999999998_1.962375
Timber plantation,Plantation,1.935884434,15.8866816,2017,my_examples_landsat_final/15.886681603773587_1.935884433962265
Timber plantation,Plantation,1.796375,15.91575,2017,my_examples_landsat_final/15.915750000000003_1.796375
Timber plantation,Plantation,1.79340625,15.88446875,2017,my_examples_landsat_final/15.884468750000002_1.7934062499999996
Timber plantation,Plantation,1.962125,15.863375,2017,my_examples_landsat_final/15.863375_1.9621249999999992
Timber plantation,Plantation,1.939875,15.874625,2017,my_examples_landsat_final/15.874625_1.9398749999999996
Timber plantation,Plantation,1.914625,15.890375,2017,my_examples_landsat_final/15.890374999999999_1.914625
Timber plantation,Plantation,1.967083333,15.88695833,2017,my_examples_landsat_final/15.886958333333334_1.9670833333333337
Timber plantation,Plantation,1.9645,15.88625,2017,my_examples_landsat_final/15.886250000000002_1.9645000000000001
Timber plantation,Plantation,1.782875,15.930125,2017,my_examples_landsat_final/15.930125000000002_1.7828749999999998
Timber plantation,Plantation,1.915375,15.87798214,2017,my_examples_landsat_final/15.877982142857144_1.915374999999999
Timber plantation,Plantation,1.918875,15.876325,2017,my_examples_landsat_final/15.876325000000001_1.9188750000000003
Timber plantation,Plantation,1.964125,15.860125,2017,my_examples_landsat_final/15.860125_1.9641250000000001
Timber plantation,Plantation,1.916625,15.861875,2017,my_examples_landsat_final/15.861875000000003_1.9166249999999998
Timber plantation,Plantation,1.911375,15.914875,2017,my_examples_landsat_final/15.914874999999997_1.9113749999999998
Timber plantation,Plantation,1.79290625,15.91515625,2017,my_examples_landsat_final/15.915156249999997_1.7929062500000001
Timber plantation,Plantation,1.854375,15.846125,2017,my_examples_landsat_final/15.846124999999999_1.854375
Timber plantation,Plantation,1.932215909,15.88292045,2017,my_examples_landsat_final/15.882920454545458_1.932215909090909
Timber plantation,Plantation,1.928625,15.863,2017,my_examples_landsat_final/15.862999999999998_1.9286249999999994
Timber plantation,Plantation,1.924958333,15.87529167,2017,my_examples_landsat_final/15.875291666666664_1.9249583333333327
Timber plantation,Plantation,1.912791667,15.90679924,2017,my_examples_landsat_final/15.906799242424247_1.912791666666667
Timber plantation,Plantation,1.851625,15.834625,2017,my_examples_landsat_final/15.834624999999997_1.8516249999999994
Timber plantation,Plantation,1.906625,15.921375,2017,my_examples_landsat_final/15.921375_1.9066250000000002
Timber plantation,Plantation,1.957875,15.858125,2017,my_examples_landsat_final/15.858125_1.9578749999999996
Timber plantation,Plantation,1.860830882,15.85725,2017,my_examples_landsat_final/15.857249999999997_1.8608308823529414
Timber plantation,Plantation,1.92725,15.85875,2017,my_examples_landsat_final/15.858749999999999_1.9272500000000001
Timber plantation,Plantation,1.903041667,15.86945833,2017,my_examples_landsat_final/15.869458333333334_1.9030416666666663
Timber plantation,Plantation,1.970875,15.836875,2017,my_examples_landsat_final/15.836875000000001_1.9708750000000006
Timber plantation,Plantation,1.823875,15.870625,2017,my_examples_landsat_final/15.870625_1.8238750000000004
Timber plantation,Plantation,1.930125,15.863,2017,my_examples_landsat_final/15.862999999999998_1.9301249999999999
Timber plantation,Plantation,1.768375,16.00225,2017,my_examples_landsat_final/16.002250000000004_1.7683749999999998
Timber plantation,Plantation,1.916875,15.875125,2017,my_examples_landsat_final/15.875124999999997_1.9168750000000003
Timber plantation,Plantation,1.951125,15.835875,2017,my_examples_landsat_final/15.835875000000001_1.951125
Timber plantation,Plantation,1.938680556,15.87901389,2017,my_examples_landsat_final/15.879013888888887_1.9386805555555555
Timber plantation,Plantation,1.784647727,15.92796591,2017,my_examples_landsat_final/15.927965909090908_1.784647727272727
Timber plantation,Plantation,1.962375,15.8565,2017,my_examples_landsat_final/15.856499999999997_1.962375
Timber plantation,Plantation,1.934625,15.878875,2017,my_examples_landsat_final/15.878875000000003_1.9346249999999996
Timber plantation,Plantation,1.912125,15.911,2017,my_examples_landsat_final/15.910999999999998_1.9121249999999996
Timber plantation,Plantation,2.111291667,16.00629167,2017,my_examples_landsat_final/16.006291666666666_2.111291666666667
Timber plantation,Plantation,1.854575,15.855975,2017,my_examples_landsat_final/15.855974999999997_1.8545750000000003
Timber plantation,Plantation,1.914125,15.8865,2017,my_examples_landsat_final/15.886499999999998_1.9141249999999996
Timber plantation,Plantation,1.950875,15.834625,2017,my_examples_landsat_final/15.834624999999999_1.950875
Timber plantation,Plantation,1.934125,15.877625,2017,my_examples_landsat_final/15.877625_1.9341249999999999
Timber plantation,Plantation,1.915200581,15.87493314,2017,my_examples_landsat_final/15.874933139534887_1.9152005813953483
Timber plantation,Plantation,1.909946429,15.868875,2017,my_examples_landsat_final/15.868875000000001_1.9099464285714283
Timber plantation,Plantation,1.939125,15.87675,2017,my_examples_landsat_final/15.87675_1.939125
Timber plantation,Plantation,1.89625,15.948125,2017,my_examples_landsat_final/15.948124999999997_1.8962499999999993
Timber plantation,Plantation,1.954125,15.8480625,2017,my_examples_landsat_final/15.848062499999996_1.954125
Timber plantation,Plantation,1.949791667,15.83170833,2017,my_examples_landsat_final/15.831708333333331_1.9497916666666666
Timber plantation,Plantation,1.90175,15.873875,2017,my_examples_landsat_final/15.873875000000005_1.90175
Timber plantation,Plantation,1.945375,15.83275,2017,my_examples_landsat_final/15.83275_1.9453749999999992
Timber plantation,Plantation,1.91809375,15.8724375,2017,my_examples_landsat_final/15.872437500000004_1.9180937500000004
Timber plantation,Plantation,1.959791667,15.85779167,2017,my_examples_landsat_final/15.857791666666664_1.959791666666666
Timber plantation,Plantation,1.930291667,15.88920833,2017,my_examples_landsat_final/15.889208333333332_1.9302916666666663
Timber plantation,Plantation,1.911875,15.912375,2017,my_examples_landsat_final/15.912374999999999_1.9118749999999993
Timber plantation,Plantation,1.917,15.87725,2017,my_examples_landsat_final/15.877250000000004_1.917
Timber plantation,Plantation,1.924803571,15.88291071,2017,my_examples_landsat_final/15.882910714285714_1.9248035714285716
Timber plantation,Plantation,1.895625,15.949125,2017,my_examples_landsat_final/15.949124999999999_1.8956249999999997
Timber plantation,Plantation,2.021375,15.99225,2017,my_examples_landsat_final/15.99225_2.021375
Timber plantation,Plantation,1.898875,15.869,2017,my_examples_landsat_final/15.869000000000002_1.8988749999999994
Timber plantation,Plantation,1.9244375,15.8746875,2017,my_examples_landsat_final/15.874687500000002_1.9244375000000005
Timber plantation,Plantation,1.965458333,15.88695833,2017,my_examples_landsat_final/15.886958333333336_1.965458333333333
Timber plantation,Plantation,1.876875,15.973875,2017,my_examples_landsat_final/15.973874999999998_1.876875
Timber plantation,Plantation,1.934875,15.877125,2017,my_examples_landsat_final/15.877125000000001_1.9348750000000001
Timber plantation,Plantation,2.005048077,15.84141346,2017,my_examples_landsat_final/15.841413461538462_2.0050480769230763
Timber plantation,Plantation,1.831166185,15.86797031,2017,my_examples_landsat_final/15.867970305309175_1.8311661849316692
Timber plantation,Plantation,1.951375,15.836125,2017,my_examples_landsat_final/15.836125_1.9513749999999996
Timber plantation,Plantation,1.928625,15.865125,2017,my_examples_landsat_final/15.865125000000003_1.9286249999999991
Timber plantation,Plantation,1.953125,15.840875,2017,my_examples_landsat_final/15.840874999999999_1.953125
Timber plantation,Plantation,1.854375,15.852125,2017,my_examples_landsat_final/15.852125000000001_1.8543749999999999
Small-scale maize plantation,Smallholder agriculture,4.605875,13.60775,2017,my_examples_landsat_final/13.607750000000001_4.605874999999999
Small-scale maize plantation,Smallholder agriculture,2.977625,11.68158333,2017,my_examples_landsat_final/11.681583333333334_2.9776249999999997
Small-scale maize plantation,Smallholder agriculture,2.947291667,11.40004167,2017,my_examples_landsat_final/11.400041666666665_2.9472916666666666
Small-scale maize plantation,Smallholder agriculture,4.610675,13.7627,2017,my_examples_landsat_final/13.7627_4.610675
Hunting,Other,4.884875,12.4231875,2017,my_examples_landsat_final/12.423187499999996_4.884875
Hunting,Other,3.514125,15.244625,2017,my_examples_landsat_final/15.244625_3.514125
Hunting,Other,3.006352273,15.12259091,2017,my_examples_landsat_final/15.122590909090906_3.0063522727272725
Hunting,Other,8.563625,13.312375,2017,my_examples_landsat_final/13.312374999999998_8.563625
Hunting,Other,3.525225,14.938575,2017,my_examples_landsat_final/14.938574999999998_3.525224999999999
Hunting,Other,2.439375,15.4205,2017,my_examples_landsat_final/15.4205_2.4393749999999996
Hunting,Other,3.062325,14.706075,2017,my_examples_landsat_final/14.706074999999998_3.0623250000000004
Hunting,Other,3.474375,15.056375,2017,my_examples_landsat_final/15.056375_3.474375
Hunting,Other,3.4885,14.893375,2017,my_examples_landsat_final/14.893374999999999_3.4884999999999997
Hunting,Other,2.679675,15.316975,2017,my_examples_landsat_final/15.316974999999998_2.6796749999999996
Hunting,Other,8.502375,13.667,2017,my_examples_landsat_final/13.667_8.502375
Hunting,Other,8.426375,12.966375,2017,my_examples_landsat_final/12.966375000000001_8.426375
Hunting,Other,3.26575,14.845125,2017,my_examples_landsat_final/14.845125000000001_3.2657499999999997
Hunting,Other,2.45575,15.495625,2017,my_examples_landsat_final/15.495625000000002_2.4557499999999997
Hunting,Other,5.2626875,12.7810625,2017,my_examples_landsat_final/12.781062499999999_5.2626875
Hunting,Other,5.9665,12.40425,2017,my_examples_landsat_final/12.40425_5.9665
Hunting,Other,5.079,12.437375,2017,my_examples_landsat_final/12.437375_5.079
Hunting,Other,2.122125,14.900375,2017,my_examples_landsat_final/14.900374999999999_2.122125
Hunting,Other,2.773125,15.403625,2017,my_examples_landsat_final/15.403625_2.7731249999999994
Hunting,Other,3.029925,15.165775,2017,my_examples_landsat_final/15.165775000000002_3.029925
Hunting,Other,2.471375,12.815875,2017,my_examples_landsat_final/12.815874999999998_2.4713749999999997
Hunting,Other,2.157208333,15.72020833,2017,my_examples_landsat_final/15.720208333333334_2.1572083333333327
Other large-scale plantations,Plantation,3.623625,10.0775,2017,my_examples_landsat_final/10.0775_3.623625
Other large-scale plantations,Plantation,3.898375,9.805625,2017,my_examples_landsat_final/9.805625_3.898375
Other large-scale plantations,Plantation,4.685875,14.225125,2017,my_examples_landsat_final/14.225125_4.685874999999999
Fruit plantation,Plantation,4.719625,9.657125,2017,my_examples_landsat_final/9.657125_4.719625000000001
Rubber plantation,Plantation,4.389401832,9.582869837,2017,my_examples_landsat_final/9.582869837114597_4.389401832460736
Fruit plantation,Plantation,4.722490385,9.713163462,2017,my_examples_landsat_final/9.713163461538462_4.722490384615384
Other large-scale plantations,Plantation,4.126625,9.24025,2017,my_examples_landsat_final/9.24025_4.126625
Rubber plantation,Plantation,3.0105,12.553375,2017,my_examples_landsat_final/12.553374999999999_3.0105
Fruit plantation,Plantation,4.846875,9.79375,2017,my_examples_landsat_final/9.79375_4.846875
Other large-scale plantations,Plantation,3.866875,9.966125,2017,my_examples_landsat_final/9.966125000000002_3.8668750000000003
Rubber plantation,Plantation,4.012833333,9.265729167,2017,my_examples_landsat_final/9.265729166666667_4.012833333333333
Other large-scale plantations,Plantation,6.385208333,10.82216667,2017,my_examples_landsat_final/10.82216666666667_6.385208333333333
Other large-scale plantations,Plantation,6.099428571,10.39819643,2017,my_examples_landsat_final/10.39819642857143_6.0994285714285725
Fruit plantation,Plantation,4.726486111,9.775152778,2017,my_examples_landsat_final/9.775152777777777_4.72648611111111
Rubber plantation,Plantation,4.40875,9.3735,2017,my_examples_landsat_final/9.3735_4.40875
Rubber plantation,Plantation,3.075625,12.414875,2017,my_examples_landsat_final/12.414874999999999_3.075625
Other large-scale plantations,Plantation,6.079225,10.363575,2017,my_examples_landsat_final/10.363574999999999_6.079224999999999
Rubber plantation,Plantation,3.231,12.406125,2017,my_examples_landsat_final/12.406125_3.231
Wildfire,Other,8.381125,13.609875,2017,my_examples_landsat_final/13.609875_8.381125
Wildfire,Other,8.39125,13.611875,2017,my_examples_landsat_final/13.611875_8.39125
Wildfire,Other,8.396041667,13.76345833,2017,my_examples_landsat_final/13.76345833333333_8.396041666666669
Wildfire,Other,9.25355,14.23395,2017,my_examples_landsat_final/14.233950000000002_9.25355
Wildfire,Other,8.385319444,13.61193056,2017,my_examples_landsat_final/13.611930555555558_8.385319444444445
Wildfire,Other,8.389208333,13.60595833,2017,my_examples_landsat_final/13.605958333333332_8.38920833333333
Wildfire,Other,8.385125,13.60653409,2017,my_examples_landsat_final/13.606534090909092_8.385125
Wildfire,Other,8.385053571,13.60544643,2017,my_examples_landsat_final/13.60544642857143_8.38505357142857
Wildfire,Other,8.386041667,13.60529167,2017,my_examples_landsat_final/13.605291666666666_8.386041666666667
Wildfire,Other,8.672741788,13.81088437,2017,my_examples_landsat_final/13.81088436644617_8.672741788321169
Wildfire,Other,8.423275,13.509075,2017,my_examples_landsat_final/13.509075000000001_8.423275
Wildfire,Other,8.391625,13.611,2017,my_examples_landsat_final/13.610999999999999_8.391625000000001
Wildfire,Other,8.390375,13.610625,2017,my_examples_landsat_final/13.610625000000002_8.390374999999999
Wildfire,Other,8.426875,13.515375,2017,my_examples_landsat_final/13.515375_8.426874999999999
Wildfire,Other,8.385625,13.605125,2017,my_examples_landsat_final/13.605125000000001_8.385625000000001
Wildfire,Other,8.63175,14.211875,2017,my_examples_landsat_final/14.211875_8.631749999999998
Wildfire,Other,8.386125,13.606375,2017,my_examples_landsat_final/13.606374999999998_8.386125
Wildfire,Other,8.385375,13.604875,2017,my_examples_landsat_final/13.604875_8.385375000000002
Wildfire,Other,8.387659439,13.60842614,2017,my_examples_landsat_final/13.608426139987245_8.387659438775513
Wildfire,Other,8.528875,14.38358654,2017,my_examples_landsat_final/14.383586538461538_8.528875000000001
Wildfire,Other,9.254875,14.232375,2017,my_examples_landsat_final/14.232375000000001_9.254875
Wildfire,Other,8.403875,14.9895,2017,my_examples_landsat_final/14.9895_8.403875
Wildfire,Other,8.387217262,13.60922411,2017,my_examples_landsat_final/13.609224113343256_8.38721726190476
Wildfire,Other,8.387410714,13.608875,2017,my_examples_landsat_final/13.608875_8.387410714285716
Wildfire,Other,9.2545,14.232875,2017,my_examples_landsat_final/14.232875000000002_9.2545
Wildfire,Other,8.394306818,13.61530682,2017,my_examples_landsat_final/13.61530681818182_8.394306818181818
Wildfire,Other,8.396625,13.76375,2017,my_examples_landsat_final/13.763749999999998_8.396625
Oil palm plantation,Plantation,3.134125,12.27419643,2017,my_examples_landsat_final/12.274196428571429_3.1341250000000005
Oil palm plantation,Plantation,2.288375,11.280125,2017,my_examples_landsat_final/11.280124999999998_2.288375
Rubber plantation,Plantation,3.0608,12.4068,2017,my_examples_landsat_final/12.406799999999997_3.0607999999999986
Rubber plantation,Plantation,3.195375,12.404625,2017,my_examples_landsat_final/12.404625_3.195375
Oil palm plantation,Plantation,2.262230263,11.30240132,2017,my_examples_landsat_final/11.30240131578947_2.262230263157894
Selective logging,Other,2.391736111,10.45420833,2017,my_examples_landsat_final/10.454208333333334_2.3917361111111104
Selective logging,Other,2.842625,10.96925,2017,my_examples_landsat_final/10.969250000000002_2.842625
Selective logging,Other,4.124190789,10.42213816,2017,my_examples_landsat_final/10.422138157894734_4.124190789473684
Selective logging,Other,4.186125,13.101125,2017,my_examples_landsat_final/13.101125_4.186125
Selective logging,Other,3.019125,15.212125,2017,my_examples_landsat_final/15.212125000000002_3.019125
Selective logging,Other,3.10875,13.8860625,2017,my_examples_landsat_final/13.886062500000001_3.1087500000000006
Selective logging,Other,5.61239881,9.471446429,2017,my_examples_landsat_final/9.471446428571427_5.612398809523808
Selective logging,Other,4.977325,12.383075,2017,my_examples_landsat_final/12.383074999999996_4.9773249999999996
Selective logging,Other,4.357125,13.6163125,2017,my_examples_landsat_final/13.616312499999998_4.357125
Selective logging,Other,3.516725,13.380675,2017,my_examples_landsat_final/13.380675000000002_3.5167250000000005
Selective logging,Other,3.826666667,14.91704167,2017,my_examples_landsat_final/14.917041666666666_3.8266666666666667
Selective logging,Other,2.73925,11.979125,2017,my_examples_landsat_final/11.979125_2.73925
Selective logging,Other,3.376625,14.4755,2017,my_examples_landsat_final/14.4755_3.376625
Selective logging,Other,2.589,15.891125,2017,my_examples_landsat_final/15.891124999999997_2.589
Selective logging,Other,4.13775,14.74325,2017,my_examples_landsat_final/14.743250000000002_4.13775
Selective logging,Other,5.454708333,11.99416667,2017,my_examples_landsat_final/11.994166666666668_5.454708333333334
Selective logging,Other,4.117096591,12.36025852,2017,my_examples_landsat_final/12.360258522727268_4.117096590909089
Selective logging,Other,2.225375,14.278875,2017,my_examples_landsat_final/14.278875_2.225375
Selective logging,Other,2.852375,11.42,2017,my_examples_landsat_final/11.42_2.852375
Selective logging,Other,3.766846154,10.93322115,2017,my_examples_landsat_final/10.933221153846155_3.7668461538461537
Selective logging,Other,5.158541667,12.86279167,2017,my_examples_landsat_final/12.862791666666668_5.158541666666667
Selective logging,Other,2.659830882,10.80684559,2017,my_examples_landsat_final/10.806845588235296_2.6598308823529413
Selective logging,Other,2.658336538,11.78525962,2017,my_examples_landsat_final/11.785259615384613_2.658336538461538
Selective logging,Other,4.7005,10.304125,2017,my_examples_landsat_final/10.304124999999999_4.7005
Selective logging,Other,3.486482143,12.16108929,2017,my_examples_landsat_final/12.161089285714283_3.4864821428571426
Selective logging,Other,5.097,11.90575,2017,my_examples_landsat_final/11.90575_5.0969999999999995
Selective logging,Other,2.913232143,12.28391071,2017,my_examples_landsat_final/12.283910714285717_2.9132321428571437
Selective logging,Other,4.286708333,14.42045833,2017,my_examples_landsat_final/14.420458333333334_4.286708333333333
Selective logging,Other,2.929791667,13.78354167,2017,my_examples_landsat_final/13.783541666666668_2.929791666666666
Selective logging,Other,3.09675,14.55325,2017,my_examples_landsat_final/14.553250000000002_3.0967499999999997
Selective logging,Other,3.401166667,14.507625,2017,my_examples_landsat_final/14.507624999999997_3.401166666666666
Selective logging,Other,5.445696429,13.18944643,2017,my_examples_landsat_final/13.189446428571427_5.445696428571428
Selective logging,Other,5.341625,12.171375,2017,my_examples_landsat_final/12.171375000000001_5.341625
Selective logging,Other,5.214625,9.493125,2017,my_examples_landsat_final/9.493125_5.214625
Selective logging,Other,2.52175,15.543875,2017,my_examples_landsat_final/15.543874999999998_2.5217500000000004
Selective logging,Other,3.42925,13.66115625,2017,my_examples_landsat_final/13.661156249999998_3.4292499999999992
Selective logging,Other,2.493875,12.811375,2017,my_examples_landsat_final/12.811375000000002_2.4938749999999996
Selective logging,Other,4.084875,14.877125,2017,my_examples_landsat_final/14.877125000000001_4.084875
Selective logging,Other,4.533196429,13.440625,2017,my_examples_landsat_final/13.440624999999999_4.533196428571428
Selective logging,Other,5.32075,11.225625,2017,my_examples_landsat_final/11.225625_5.32075
Selective logging,Other,4.3046875,10.7473125,2017,my_examples_landsat_final/10.7473125_4.3046875
Selective logging,Other,2.607375,9.993416667,2017,my_examples_landsat_final/9.993416666666667_2.607375
Selective logging,Other,2.609475,13.987925,2017,my_examples_landsat_final/13.987925_2.609475
Selective logging,Other,2.96925,11.661375,2017,my_examples_landsat_final/11.661375000000001_2.9692499999999997
Selective logging,Other,2.933,14.126125,2017,my_examples_landsat_final/14.126125000000002_2.9330000000000003
Selective logging,Other,4.3825625,14.44778125,2017,my_examples_landsat_final/14.447781249999998_4.382562500000001
Selective logging,Other,3.051916667,14.21366667,2017,my_examples_landsat_final/14.213666666666663_3.051916666666666
Selective logging,Other,3.715875,15.23026786,2017,my_examples_landsat_final/15.230267857142858_3.715875
Selective logging,Other,2.765375,15.776875,2017,my_examples_landsat_final/15.776875_2.765375
Selective logging,Other,3.589791667,10.757,2017,my_examples_landsat_final/10.757000000000003_3.5897916666666667
Selective logging,Other,2.881075,13.919975,2017,my_examples_landsat_final/13.919974999999999_2.881075
Selective logging,Other,2.595875,11.350875,2017,my_examples_landsat_final/11.350874999999998_2.5958750000000004
Selective logging,Other,5.723625,9.812875,2017,my_examples_landsat_final/9.812875_5.723625
Selective logging,Other,2.636125,12.769375,2017,my_examples_landsat_final/12.769375_2.636125
Selective logging,Other,2.548791667,11.79070833,2017,my_examples_landsat_final/11.790708333333331_2.5487916666666663
Selective logging,Other,2.794625,12.420375,2017,my_examples_landsat_final/12.420375_2.794625
Selective logging,Other,4.045375,14.42666667,2017,my_examples_landsat_final/14.426666666666666_4.045374999999999
Selective logging,Other,2.505375,13.135125,2017,my_examples_landsat_final/13.135124999999997_2.505375
Selective logging,Other,2.828375,12.895125,2017,my_examples_landsat_final/12.895125000000002_2.828375
Selective logging,Other,2.664625,13.513625,2017,my_examples_landsat_final/13.513625000000001_2.664624999999999
Selective logging,Other,3.963958333,14.115875,2017,my_examples_landsat_final/14.115874999999999_3.963958333333333
Selective logging,Other,2.244375,15.219875,2017,my_examples_landsat_final/15.219875_2.244375
Selective logging,Other,3.835375,13.752125,2017,my_examples_landsat_final/13.752125000000003_3.835375
Selective logging,Other,5.025791667,12.18604167,2017,my_examples_landsat_final/12.186041666666666_5.025791666666666
Selective logging,Other,2.494125,12.287375,2017,my_examples_landsat_final/12.287374999999999_2.4941249999999995
Selective logging,Other,2.92275,12.642125,2017,my_examples_landsat_final/12.642125_2.9227499999999997
Selective logging,Other,3.408291667,14.54854167,2017,my_examples_landsat_final/14.548541666666667_3.4082916666666665
Selective logging,Other,4.181517857,14.01730357,2017,my_examples_landsat_final/14.017303571428572_4.181517857142857
Selective logging,Other,5.373075,12.463275,2017,my_examples_landsat_final/12.463275_5.373074999999999
Selective logging,Other,2.479875,15.24225,2017,my_examples_landsat_final/15.242250000000002_2.479875
Selective logging,Other,2.10625,15.422375,2017,my_examples_landsat_final/15.422374999999995_2.1062499999999997
Selective logging,Other,4.916,13.009125,2017,my_examples_landsat_final/13.009125000000001_4.916
Selective logging,Other,3.4098125,14.7923125,2017,my_examples_landsat_final/14.792312499999998_3.4098125
Selective logging,Other,3.094875,15.446375,2017,my_examples_landsat_final/15.446375_3.0948749999999996
Selective logging,Other,4.452525,10.668425,2017,my_examples_landsat_final/10.668424999999997_4.452525
Selective logging,Other,3.751125,11.793375,2017,my_examples_landsat_final/11.793375_3.7511249999999996
Selective logging,Other,2.5155,10.9705,2017,my_examples_landsat_final/10.970500000000003_2.5155
Selective logging,Other,3.067,14.700375,2017,my_examples_landsat_final/14.700375_3.0669999999999997
Selective logging,Other,4.189525,13.661525,2017,my_examples_landsat_final/13.661524999999997_4.189524999999999
Selective logging,Other,3.036875,15.448625,2017,my_examples_landsat_final/15.448624999999998_3.036875
Selective logging,Other,5.97325,9.34325,2017,my_examples_landsat_final/9.34325_5.97325
Selective logging,Other,3.763291667,12.93004167,2017,my_examples_landsat_final/12.93004166666667_3.7632916666666665
Selective logging,Other,4.064125,14.640625,2017,my_examples_landsat_final/14.640625_4.064125
Selective logging,Other,3.791239865,13.11611486,2017,my_examples_landsat_final/13.116114864864866_3.791239864864865
Selective logging,Other,3.618125,10.344125,2017,my_examples_landsat_final/10.344124999999998_3.6181249999999996
Selective logging,Other,3.079875,11.328875,2017,my_examples_landsat_final/11.328875_3.079875
Selective logging,Other,4.004666667,14.07933333,2017,my_examples_landsat_final/14.079333333333336_4.004666666666666
Selective logging,Other,4.847125,9.879625,2017,my_examples_landsat_final/9.879625_4.847124999999999
Selective logging,Other,5.6175,9.122,2017,my_examples_landsat_final/9.122_5.617499999999999
Selective logging,Other,5.058125,12.59675,2017,my_examples_landsat_final/12.59675_5.0581249999999995
Selective logging,Other,3.232375,14.024875,2017,my_examples_landsat_final/14.024875_3.2323749999999998
Selective logging,Other,2.810125,12.291875,2017,my_examples_landsat_final/12.291875000000001_2.8101249999999993
Selective logging,Other,4.346916667,14.287125,2017,my_examples_landsat_final/14.287125000000001_4.346916666666665
Selective logging,Other,3.745375,14.096625,2017,my_examples_landsat_final/14.096625000000001_3.7453749999999992
Selective logging,Other,2.423625,14.0015,2017,my_examples_landsat_final/14.001499999999998_2.423625
Selective logging,Other,4.87225,13.625625,2017,my_examples_landsat_final/13.625625_4.87225
Selective logging,Other,3.1894375,14.970875,2017,my_examples_landsat_final/14.970875000000001_3.1894375
Selective logging,Other,3.500666667,10.69033333,2017,my_examples_landsat_final/10.690333333333331_3.500666666666667
Selective logging,Other,3.506416667,12.5126875,2017,my_examples_landsat_final/12.5126875_3.5064166666666683
Selective logging,Other,4.194375,13.649,2017,my_examples_landsat_final/13.649_4.194375000000001
Selective logging,Other,5.72575,11.458125,2017,my_examples_landsat_final/11.458124999999999_5.72575
Selective logging,Other,5.81375,8.9115625,2017,my_examples_landsat_final/8.9115625_5.813749999999999
Selective logging,Other,3.6765,13.909125,2017,my_examples_landsat_final/13.909125000000001_3.6765000000000003
Selective logging,Other,3.726875,13.387375,2017,my_examples_landsat_final/13.387374999999999_3.726875
Selective logging,Other,5.271208333,13.68029167,2017,my_examples_landsat_final/13.680291666666667_5.271208333333334
Selective logging,Other,3.2226875,15.64434375,2017,my_examples_landsat_final/15.644343749999999_3.2226874999999997
Selective logging,Other,2.933375,15.687375,2017,my_examples_landsat_final/15.687375000000001_2.933375
Selective logging,Other,4.793125,10.401875,2017,my_examples_landsat_final/10.401874999999999_4.793125000000001
Selective logging,Other,2.708375,15.240625,2017,my_examples_landsat_final/15.240624999999998_2.7083749999999998
Selective logging,Other,5.097375,8.941375,2017,my_examples_landsat_final/8.941375_5.0973749999999995
Selective logging,Other,4.208475,14.194825,2017,my_examples_landsat_final/14.194825000000002_4.208475000000001
Selective logging,Other,5.317208333,9.276041667,2017,my_examples_landsat_final/9.27604166666667_5.317208333333334
Selective logging,Other,3.4033125,15.466625,2017,my_examples_landsat_final/15.466624999999997_3.4033124999999997
Selective logging,Other,2.6845,11.20025,2017,my_examples_landsat_final/11.20025_2.6845000000000003
Selective logging,Other,2.60525,12.528125,2017,my_examples_landsat_final/12.528125000000001_2.60525
Selective logging,Other,2.99303125,13.6881875,2017,my_examples_landsat_final/13.688187500000002_2.9930312500000005
Selective logging,Other,3.937875,12.92575,2017,my_examples_landsat_final/12.925749999999999_3.937874999999999
Selective logging,Other,2.7215,14.310125,2017,my_examples_landsat_final/14.310124999999998_2.7215
Selective logging,Other,5.93325,9.065125,2017,my_examples_landsat_final/9.065125_5.933249999999999
Selective logging,Other,2.575446429,13.25908929,2017,my_examples_landsat_final/13.259089285714284_2.575446428571428
Selective logging,Other,4.556375,9.398125,2017,my_examples_landsat_final/9.398125_4.556374999999999
Selective logging,Other,2.3725,10.6945,2017,my_examples_landsat_final/10.694499999999998_2.3725
Selective logging,Other,2.734875,11.442875,2017,my_examples_landsat_final/11.442874999999999_2.7348749999999993
Selective logging,Other,4.23325,13.826375,2017,my_examples_landsat_final/13.826374999999997_4.23325
Selective logging,Other,3.820125,13.491125,2017,my_examples_landsat_final/13.491125_3.8201250000000004
Selective logging,Other,3.258275,14.864075,2017,my_examples_landsat_final/14.864074999999998_3.258275
Selective logging,Other,2.649125,13.297575,2017,my_examples_landsat_final/13.297575000000002_2.649125
Selective logging,Other,3.640125,10.640125,2017,my_examples_landsat_final/10.640125000000003_3.640125
Selective logging,Other,5.052125,13.430375,2017,my_examples_landsat_final/13.430375000000002_5.052124999999999
Selective logging,Other,3.034958333,15.15020833,2017,my_examples_landsat_final/15.150208333333333_3.034958333333333
Selective logging,Other,4.842125,10.619125,2017,my_examples_landsat_final/10.619125_4.842124999999999
Selective logging,Other,3.147875,15.695625,2017,my_examples_landsat_final/15.695625_3.1478749999999995
Selective logging,Other,3.657458333,13.11670833,2017,my_examples_landsat_final/13.11670833333333_3.657458333333333
Selective logging,Other,3.425721154,15.14718269,2017,my_examples_landsat_final/15.147182692307693_3.4257211538461543
Selective logging,Other,2.568,13.049375,2017,my_examples_landsat_final/13.049375000000001_2.568
Selective logging,Other,4.547458333,13.24495833,2017,my_examples_landsat_final/13.244958333333336_4.547458333333333
Selective logging,Other,2.868875,12.971375,2017,my_examples_landsat_final/12.971375000000002_2.868874999999999
Selective logging,Other,3.741625,14.776,2017,my_examples_landsat_final/14.776_3.741625
Mining,Other,3.350625,10.606625,2017,my_examples_landsat_final/10.606625_3.350625
Mining,Other,3.626375,10.753125,2017,my_examples_landsat_final/10.753124999999999_3.6263750000000003
Mining,Other,2.610875,12.683625,2017,my_examples_landsat_final/12.683625000000001_2.6108749999999996
Mining,Other,3.272125,15.580625,2017,my_examples_landsat_final/15.580625000000001_3.272125
Mining,Other,2.451875,12.810625,2017,my_examples_landsat_final/12.810625_2.451875
Mining,Other,2.968946429,14.15066071,2017,my_examples_landsat_final/14.150660714285717_2.968946428571429
Mining,Other,2.64525,12.65690625,2017,my_examples_landsat_final/12.65690625_2.6452500000000003
Mining,Other,3.770125,10.6365,2017,my_examples_landsat_final/10.6365_3.7701250000000006
Mining,Other,3.332291667,15.56895833,2017,my_examples_landsat_final/15.568958333333335_3.332291666666667
Mining,Other,3.585160714,10.75544643,2017,my_examples_landsat_final/10.755446428571432_3.585160714285714
Mining,Other,3.587375,10.621625,2017,my_examples_landsat_final/10.621625000000002_3.5873749999999993
Mining,Other,3.378625,10.583625,2017,my_examples_landsat_final/10.583625000000001_3.378625
Mining,Other,3.352625,14.138125,2017,my_examples_landsat_final/14.138124999999999_3.3526249999999997
Mining,Other,3.673625,10.598125,2017,my_examples_landsat_final/10.598125_3.6736250000000004
Mining,Other,3.551525,10.773425,2017,my_examples_landsat_final/10.773424999999998_3.5515250000000003
Mining,Other,3.662041667,10.62204167,2017,my_examples_landsat_final/10.622041666666668_3.6620416666666675
Mining,Other,2.90575,12.1685,2017,my_examples_landsat_final/12.1685_2.90575
Mining,Other,3.359613095,10.61860119,2017,my_examples_landsat_final/10.61860119047619_3.359613095238095
Mining,Other,2.417875,12.83525,2017,my_examples_landsat_final/12.83525_2.4178749999999996
Mining,Other,3.460875,10.680125,2017,my_examples_landsat_final/10.680125_3.460875
Mining,Other,3.003375,14.187725,2017,my_examples_landsat_final/14.187724999999997_3.0033750000000006
Mining,Other,3.28125,15.583125,2017,my_examples_landsat_final/15.583124999999999_3.2812499999999996
Mining,Other,2.467125,12.825875,2017,my_examples_landsat_final/12.825875_2.467125
Mining,Other,2.564958333,9.948041667,2017,my_examples_landsat_final/9.948041666666668_2.5649583333333337
Mining,Other,2.646798077,12.64810577,2017,my_examples_landsat_final/12.648105769230769_2.6467980769230763
Mining,Other,3.77065,10.63955,2017,my_examples_landsat_final/10.639549999999998_3.77065
Mining,Other,3.333375,15.564125,2017,my_examples_landsat_final/15.564124999999999_3.3333749999999998
Mining,Other,2.580625,12.747125,2017,my_examples_landsat_final/12.747124999999999_2.580625
Mining,Other,3.589375,10.76666667,2017,my_examples_landsat_final/10.766666666666664_3.5893749999999986
Mining,Other,3.589125,10.618375,2017,my_examples_landsat_final/10.618375000000002_3.5891249999999997
Mining,Other,3.391125,10.624625,2017,my_examples_landsat_final/10.624625_3.3911249999999993
Mining,Other,3.296625,15.616875,2017,my_examples_landsat_final/15.616875000000002_3.296625
Mining,Other,3.627125,10.752375,2017,my_examples_landsat_final/10.752375_3.6271249999999995
Mining,Other,2.614263889,12.67981944,2017,my_examples_landsat_final/12.679819444444442_2.6142638888888885
Mining,Other,3.354083333,14.13783333,2017,my_examples_landsat_final/14.137833333333333_3.354083333333332
Mining,Other,3.673875,10.598375,2017,my_examples_landsat_final/10.598375000000003_3.673875
Mining,Other,3.564125,10.762,2017,my_examples_landsat_final/10.762_3.564125
Mining,Other,3.663541667,10.63854167,2017,my_examples_landsat_final/10.638541666666665_3.6635416666666663
Rubber plantation,Plantation,3.0760625,12.4513125,2018,my_examples_landsat_final/12.451312500000004_3.076062500000001
Rubber plantation,Plantation,2.93125,12.544625,2018,my_examples_landsat_final/12.544625_2.9312500000000004
Rubber plantation,Plantation,3.223375,12.396125,2018,my_examples_landsat_final/12.396125000000001_3.223375
Fruit plantation,Plantation,4.635375,9.64075,2018,my_examples_landsat_final/9.64075_4.635375
Timber plantation,Plantation,1.807375,15.893625,2018,my_examples_landsat_final/15.893624999999998_1.8073749999999993
Timber plantation,Plantation,1.796625,15.916125,2018,my_examples_landsat_final/15.916125000000001_1.7966250000000008
Timber plantation,Plantation,2.031,15.834125,2018,my_examples_landsat_final/15.834125000000002_2.031
Timber plantation,Plantation,2.108375,16.011375,2018,my_examples_landsat_final/16.011375_2.108375
Timber plantation,Plantation,1.796286347,15.89018727,2018,my_examples_landsat_final/15.890187267097797_1.7962863466896797
Timber plantation,Plantation,1.834875,15.890875,2018,my_examples_landsat_final/15.890875_1.8348749999999991
Timber plantation,Plantation,2.030291667,15.83445833,2018,my_examples_landsat_final/15.834458333333334_2.030291666666667
Timber plantation,Plantation,1.80775,15.892125,2018,my_examples_landsat_final/15.892125000000002_1.8077499999999997
Timber plantation,Plantation,1.7985,15.891125,2018,my_examples_landsat_final/15.891124999999999_1.7985
Timber plantation,Plantation,1.8085,15.893125,2018,my_examples_landsat_final/15.893125000000001_1.8084999999999996
Timber plantation,Plantation,1.807875,15.893125,2018,my_examples_landsat_final/15.893125000000001_1.8078750000000003
Timber plantation,Plantation,1.794875,15.91644643,2018,my_examples_landsat_final/15.916446428571428_1.794874999999999
Timber plantation,Plantation,1.9155,15.873875,2018,my_examples_landsat_final/15.873875000000005_1.9154999999999998
Timber plantation,Plantation,2.08525,16.059125,2018,my_examples_landsat_final/16.059125_2.08525
Timber plantation,Plantation,1.823375,15.8715,2018,my_examples_landsat_final/15.871500000000003_1.8233749999999995
Timber plantation,Plantation,2.081625,16.060125,2018,my_examples_landsat_final/16.060125_2.081625
Timber plantation,Plantation,2.033875,15.857375,2018,my_examples_landsat_final/15.857374999999998_2.033875
Timber plantation,Plantation,2.031166667,15.835875,2018,my_examples_landsat_final/15.835875000000003_2.0311666666666666
Timber plantation,Plantation,2.033875,15.856625,2018,my_examples_landsat_final/15.856625_2.033875
Timber plantation,Plantation,2.083875,16.060375,2018,my_examples_landsat_final/16.060375_2.0838749999999995
Timber plantation,Plantation,1.862625,15.875125,2018,my_examples_landsat_final/15.875125000000002_1.8626250000000004
Timber plantation,Plantation,2.084375,16.06,2018,my_examples_landsat_final/16.060000000000002_2.0843749999999996
Timber plantation,Plantation,2.082125,16.061375,2018,my_examples_landsat_final/16.061375_2.082125
Timber plantation,Plantation,2.03103125,15.8315625,2018,my_examples_landsat_final/15.831562500000004_2.0310312500000003
Timber plantation,Plantation,1.892125,15.873625,2018,my_examples_landsat_final/15.873625_1.892125
Timber plantation,Plantation,1.7931875,15.8816875,2018,my_examples_landsat_final/15.881687500000002_1.7931875000000002
Timber plantation,Plantation,1.772490385,15.99560577,2018,my_examples_landsat_final/15.995605769230773_1.7724903846153848
Timber plantation,Plantation,1.8475,15.834625,2018,my_examples_landsat_final/15.834624999999997_1.847499999999999
Timber plantation,Plantation,1.942875,15.959625,2018,my_examples_landsat_final/15.959624999999999_1.9428750000000001
Timber plantation,Plantation,1.86225,15.875375,2018,my_examples_landsat_final/15.875374999999998_1.8622500000000004
Timber plantation,Plantation,1.792875,15.913875,2018,my_examples_landsat_final/15.913875_1.7928749999999998
Timber plantation,Plantation,1.900375,15.8705,2018,my_examples_landsat_final/15.8705_1.9003749999999995
Timber plantation,Plantation,1.793125,15.914125,2018,my_examples_landsat_final/15.914125_1.7931249999999996
Timber plantation,Plantation,2.108458333,16.01472601,2018,my_examples_landsat_final/16.014726010101008_2.108458333333333
Timber plantation,Plantation,2.083875,16.059875,2018,my_examples_landsat_final/16.059875_2.0838749999999995
Timber plantation,Plantation,2.085053571,16.058125,2018,my_examples_landsat_final/16.058125_2.0850535714285714
Timber plantation,Plantation,2.111625,16.008,2018,my_examples_landsat_final/16.008_2.1116249999999996
Timber plantation,Plantation,1.800528846,15.88347115,2018,my_examples_landsat_final/15.883471153846157_1.800528846153847
Timber plantation,Plantation,2.080708333,16.06004167,2018,my_examples_landsat_final/16.060041666666663_2.0807083333333325
Timber plantation,Plantation,1.79025,15.913375,2018,my_examples_landsat_final/15.913374999999997_1.7902499999999995
Timber plantation,Plantation,1.85375,15.842375,2018,my_examples_landsat_final/15.842375_1.8537499999999998
Timber plantation,Plantation,2.083625,16.0595,2018,my_examples_landsat_final/16.059499999999996_2.083625
Timber plantation,Plantation,1.95775,15.896875,2018,my_examples_landsat_final/15.896875_1.9577499999999999
Timber plantation,Plantation,1.91625,15.85625,2018,my_examples_landsat_final/15.856250000000003_1.9162499999999996
Timber plantation,Plantation,2.111125,16.006125,2018,my_examples_landsat_final/16.006125_2.111125
Timber plantation,Plantation,2.035375,15.853875,2018,my_examples_landsat_final/15.853874999999997_2.0353749999999997
Timber plantation,Plantation,2.034375,15.857,2018,my_examples_landsat_final/15.857000000000003_2.034375
Timber plantation,Plantation,2.033375,15.8570625,2018,my_examples_landsat_final/15.857062499999998_2.0333749999999986
Timber plantation,Plantation,1.840208333,15.86623611,2018,my_examples_landsat_final/15.86623611111111_1.8402083333333337
Timber plantation,Plantation,1.958125,15.896375,2018,my_examples_landsat_final/15.896375000000003_1.9581249999999997
Timber plantation,Plantation,2.084125,16.060625,2018,my_examples_landsat_final/16.060625_2.084125
Timber plantation,Plantation,2.111375,16.0085,2018,my_examples_landsat_final/16.0085_2.111375
Timber plantation,Plantation,1.794925,15.91525,2018,my_examples_landsat_final/15.91525_1.7949249999999992
Timber plantation,Plantation,2.1079375,16.010625,2018,my_examples_landsat_final/16.010624999999997_2.1079375
Timber plantation,Plantation,1.887660714,15.82930357,2018,my_examples_landsat_final/15.829303571428571_1.8876607142857142
Timber plantation,Plantation,2.0805,16.059375,2018,my_examples_landsat_final/16.059375_2.0805
Timber plantation,Plantation,2.034375,15.853625,2018,my_examples_landsat_final/15.853625000000001_2.034375
Timber plantation,Plantation,2.079125,16.057625,2018,my_examples_landsat_final/16.057625_2.079125
Timber plantation,Plantation,1.792402778,15.91454167,2018,my_examples_landsat_final/15.914541666666668_1.7924027777777776
Timber plantation,Plantation,2.110525,16.00670833,2018,my_examples_landsat_final/16.006708333333336_2.110525
Hunting,Other,4.87628125,12.4251875,2018,my_examples_landsat_final/12.425187500000002_4.87628125
Hunting,Other,3.513625,15.072625,2018,my_examples_landsat_final/15.072625000000002_3.5136250000000007
Hunting,Other,3.002625,15.116875,2018,my_examples_landsat_final/15.116875_3.002624999999999
Hunting,Other,8.5629375,13.31189583,2018,my_examples_landsat_final/13.311895833333335_8.562937499999997
Hunting,Other,3.524775,14.967425,2018,my_examples_landsat_final/14.967425000000002_3.5247749999999995
Hunting,Other,2.497375,15.3595,2018,my_examples_landsat_final/15.359499999999999_2.497375
Hunting,Other,3.058950758,14.71424621,2018,my_examples_landsat_final/14.714246212121207_3.0589507575757566
Hunting,Other,3.468708333,15.04695833,2018,my_examples_landsat_final/15.046958333333333_3.4687083333333337
Hunting,Other,3.484375,14.8865,2018,my_examples_landsat_final/14.886499999999998_3.484375
Hunting,Other,2.682475,15.314325,2018,my_examples_landsat_final/15.314325000000002_2.6824749999999993
Hunting,Other,8.502125,13.655625,2018,my_examples_landsat_final/13.655625000000002_8.502125000000001
Hunting,Other,8.415309783,12.98438587,2018,my_examples_landsat_final/12.984385869565214_8.415309782608695
Hunting,Other,3.2585625,14.8638125,2018,my_examples_landsat_final/14.863812500000002_3.2585625000000005
Hunting,Other,2.454708333,15.49654167,2018,my_examples_landsat_final/15.496541666666666_2.454708333333333
Hunting,Other,5.261458333,12.78170833,2018,my_examples_landsat_final/12.781708333333333_5.2614583333333345
Hunting,Other,5.977671875,12.40048437,2018,my_examples_landsat_final/12.400484374999998_5.977671874999997
Hunting,Other,5.074375,12.439875,2018,my_examples_landsat_final/12.439874999999999_5.074375
Hunting,Other,2.129848684,14.88975658,2018,my_examples_landsat_final/14.889756578947367_2.129848684210525
Hunting,Other,2.772041667,15.40295833,2018,my_examples_landsat_final/15.402958333333336_2.7720416666666665
Hunting,Other,3.022053571,15.1428631,2018,my_examples_landsat_final/15.142863095238098_3.022053571428572
Hunting,Other,2.455875,12.833125,2018,my_examples_landsat_final/12.833124999999999_2.455875
Hunting,Other,7.912975,12.741925,2018,my_examples_landsat_final/12.741925000000002_7.912975
Hunting,Other,2.1238125,15.77153125,2018,my_examples_landsat_final/15.771531250000002_2.1238124999999997
Wildfire,Other,8.213458333,15.18704167,2018,my_examples_landsat_final/15.187041666666664_8.213458333333332
Wildfire,Other,8.483625,13.733875,2018,my_examples_landsat_final/13.733875000000001_8.483625
Wildfire,Other,8.485625,13.733875,2018,my_examples_landsat_final/13.733875_8.485624999999999
Wildfire,Other,8.552625,14.375875,2018,my_examples_landsat_final/14.375875_8.552624999999999
Wildfire,Other,8.21425,15.195625,2018,my_examples_landsat_final/15.195625_8.214249999999998
Wildfire,Other,8.483125,13.732875,2018,my_examples_landsat_final/13.732875_8.483125000000001
Wildfire,Other,8.214242647,15.19674265,2018,my_examples_landsat_final/15.196742647058826_8.214242647058825
Wildfire,Other,8.338541667,13.55645833,2018,my_examples_landsat_final/13.556458333333332_8.338541666666666
Wildfire,Other,8.529375,14.383875,2018,my_examples_landsat_final/14.383875000000002_8.529375
Wildfire,Other,8.494025,13.734325,2018,my_examples_landsat_final/13.734325000000005_8.494024999999999
Wildfire,Other,8.48375,13.733125,2018,my_examples_landsat_final/13.733125_8.483750000000002
Wildfire,Other,8.484375,13.735125,2018,my_examples_landsat_final/13.735125_8.484375
Wildfire,Other,8.494443182,13.72205682,2018,my_examples_landsat_final/13.722056818181818_8.494443181818182
Wildfire,Other,8.5009375,13.72875,2018,my_examples_landsat_final/13.728750000000002_8.500937500000001
Wildfire,Other,8.494125,13.722875,2018,my_examples_landsat_final/13.722874999999997_8.494125
Wildfire,Other,8.214375,15.188625,2018,my_examples_landsat_final/15.188625000000002_8.214375
Wildfire,Other,8.351037109,15.145375,2018,my_examples_landsat_final/15.145375000000003_8.351037109374992
Wildfire,Other,8.219958333,14.12558333,2018,my_examples_landsat_final/14.125583333333337_8.219958333333333
Wildfire,Other,8.555113636,14.37063636,2018,my_examples_landsat_final/14.370636363636368_8.55511363636364
Wildfire,Other,8.151375,13.631625,2018,my_examples_landsat_final/13.631625000000001_8.151375000000002
Wildfire,Other,8.48475,13.73441667,2018,my_examples_landsat_final/13.734416666666666_8.484749999999998
Wildfire,Other,8.493375,13.734125,2018,my_examples_landsat_final/13.734125_8.493375000000002
Selective logging,Other,2.406458333,10.46595833,2018,my_examples_landsat_final/10.465958333333333_2.4064583333333327
Selective logging,Other,2.850875,10.990375,2018,my_examples_landsat_final/10.990375_2.8508749999999994
Selective logging,Other,4.119125,10.449625,2018,my_examples_landsat_final/10.449625000000001_4.119125
Selective logging,Other,4.188355,13.095305,2018,my_examples_landsat_final/13.095304999999998_4.1883550000000005
Selective logging,Other,3.157208333,15.22445833,2018,my_examples_landsat_final/15.224458333333333_3.1572083333333327
Selective logging,Other,3.112102273,13.87971591,2018,my_examples_landsat_final/13.879715909090908_3.1121022727272716
Selective logging,Other,3.40025,13.9885,2018,my_examples_landsat_final/13.988499999999998_3.4002499999999998
Selective logging,Other,5.5735,9.37075,2018,my_examples_landsat_final/9.370750000000001_5.573499999999999
Selective logging,Other,4.923625,12.309625,2018,my_examples_landsat_final/12.309624999999999_4.9236249999999995
Selective logging,Other,4.354333333,13.5975,2018,my_examples_landsat_final/13.5975_4.354333333333334
Selective logging,Other,3.509375,13.420375,2018,my_examples_landsat_final/13.420374999999998_3.509374999999999
Selective logging,Other,3.826625,14.917625,2018,my_examples_landsat_final/14.917625000000001_3.826625
Selective logging,Other,2.740875,11.979125,2018,my_examples_landsat_final/11.979124999999998_2.740875
Selective logging,Other,3.389775,14.296275,2018,my_examples_landsat_final/14.296275000000001_3.389775
Selective logging,Other,2.598625,15.654375,2018,my_examples_landsat_final/15.654374999999998_2.5986249999999997
Selective logging,Other,4.13796875,14.74271875,2018,my_examples_landsat_final/14.742718750000002_4.13796875
Selective logging,Other,5.46375,11.92354167,2018,my_examples_landsat_final/11.923541666666669_5.463749999999998
Selective logging,Other,4.11790625,12.37059375,2018,my_examples_landsat_final/12.370593750000001_4.11790625
Selective logging,Other,2.855230263,11.43895395,2018,my_examples_landsat_final/11.438953947368418_2.8552302631578943
Selective logging,Other,3.763125,10.949875,2018,my_examples_landsat_final/10.949875_3.763125
Selective logging,Other,5.154833333,12.86558333,2018,my_examples_landsat_final/12.865583333333339_5.1548333333333325
Selective logging,Other,5.763375,11.446625,2018,my_examples_landsat_final/11.446625000000001_5.763375
Selective logging,Other,2.658125,11.779625,2018,my_examples_landsat_final/11.779624999999998_2.6581249999999996
Selective logging,Other,4.699875,10.31375,2018,my_examples_landsat_final/10.313749999999997_4.699875
Selective logging,Other,3.485708333,12.16154167,2018,my_examples_landsat_final/12.161541666666666_3.4857083333333336
Selective logging,Other,5.1125,11.9465,2018,my_examples_landsat_final/11.946500000000002_5.112500000000001
Selective logging,Other,2.921625,12.268375,2018,my_examples_landsat_final/12.268375_2.921625
Selective logging,Other,4.281958333,14.41604167,2018,my_examples_landsat_final/14.416041666666668_4.281958333333333
Selective logging,Other,2.894708333,13.76345833,2018,my_examples_landsat_final/13.763458333333332_2.8947083333333334
Selective logging,Other,3.112575,14.582025,2018,my_examples_landsat_final/14.582025000000002_3.112574999999999
Selective logging,Other,3.359875,14.48969643,2018,my_examples_landsat_final/14.489696428571431_3.3598749999999997
Selective logging,Other,5.369625,13.08925,2018,my_examples_landsat_final/13.08925_5.369625
Selective logging,Other,5.341625,12.181875,2018,my_examples_landsat_final/12.181875000000002_5.341625
Selective logging,Other,5.2295,9.559375,2018,my_examples_landsat_final/9.559375_5.2295
Selective logging,Other,3.7265625,12.629625,2018,my_examples_landsat_final/12.629625_3.7265625
Selective logging,Other,2.571875,15.646875,2018,my_examples_landsat_final/15.646875000000001_2.571875
Selective logging,Other,3.502625,13.668375,2018,my_examples_landsat_final/13.668375000000001_3.502624999999999
Selective logging,Other,3.428410714,13.66130357,2018,my_examples_landsat_final/13.66130357142857_3.428410714285714
Selective logging,Other,4.088375,14.879375,2018,my_examples_landsat_final/14.879375000000001_4.088374999999999
Selective logging,Other,4.533670455,13.42742045,2018,my_examples_landsat_final/13.427420454545453_4.5336704545454545
Selective logging,Other,5.34190625,11.21321875,2018,my_examples_landsat_final/11.21321875_5.341906250000001
Selective logging,Other,4.293625,10.738125,2018,my_examples_landsat_final/10.738125_4.2936250000000005
Selective logging,Other,2.601625,13.991125,2018,my_examples_landsat_final/13.991125000000002_2.601625
Selective logging,Other,2.975625,11.6425,2018,my_examples_landsat_final/11.642499999999998_2.975625
Selective logging,Other,2.934553571,14.14351786,2018,my_examples_landsat_final/14.143517857142857_2.9345535714285704
Selective logging,Other,4.416291667,14.46356944,2018,my_examples_landsat_final/14.463569444444444_4.416291666666666
Selective logging,Other,3.054234375,14.21398438,2018,my_examples_landsat_final/14.213984375_3.0542343750000005
Selective logging,Other,3.705375,15.198875,2018,my_examples_landsat_final/15.198875_3.705375
Selective logging,Other,2.724525,15.679075,2018,my_examples_landsat_final/15.679075000000003_2.7245250000000003
Selective logging,Other,3.597125,10.755875,2018,my_examples_landsat_final/10.755874999999998_3.5971249999999997
Selective logging,Other,2.808875,13.9655,2018,my_examples_landsat_final/13.965499999999997_2.808875
Selective logging,Other,2.589125,11.411125,2018,my_examples_landsat_final/11.411125_2.5891249999999997
Selective logging,Other,5.706175,9.698725,2018,my_examples_landsat_final/9.698725_5.706175
Selective logging,Other,2.638,12.77325,2018,my_examples_landsat_final/12.773250000000003_2.638
Selective logging,Other,2.544899725,11.77930082,2018,my_examples_landsat_final/11.779300824175822_2.544899725274725
Selective logging,Other,2.8055,12.3315,2018,my_examples_landsat_final/12.3315_2.8055
Selective logging,Other,4.043625,14.425125,2018,my_examples_landsat_final/14.425125000000001_4.043625
Selective logging,Other,2.111625,16.008,2018,my_examples_landsat_final/16.008000000000003_2.1116249999999996
Selective logging,Other,2.756875,12.748375,2018,my_examples_landsat_final/12.748375_2.756875
Selective logging,Other,2.736875,13.3715,2018,my_examples_landsat_final/13.3715_2.7368749999999995
Selective logging,Other,3.923,14.27875,2018,my_examples_landsat_final/14.27875_3.9229999999999996
Selective logging,Other,2.470625,15.278875,2018,my_examples_landsat_final/15.278875_2.470624999999999
Selective logging,Other,3.758625,13.79,2018,my_examples_landsat_final/13.790000000000001_3.758625
Selective logging,Other,4.955708333,12.11579167,2018,my_examples_landsat_final/12.115791666666663_4.955708333333332
Selective logging,Other,2.579083333,12.24916667,2018,my_examples_landsat_final/12.24916666666667_2.5790833333333327
Selective logging,Other,2.912,12.608375,2018,my_examples_landsat_final/12.608374999999999_2.9119999999999995
Selective logging,Other,3.408875,14.546625,2018,my_examples_landsat_final/14.546625_3.408874999999999
Selective logging,Other,4.184028846,14.01989423,2018,my_examples_landsat_final/14.019894230769232_4.184028846153846
Selective logging,Other,5.360208333,12.54479167,2018,my_examples_landsat_final/12.544791666666669_5.360208333333333
Selective logging,Other,2.283125,15.007375,2018,my_examples_landsat_final/15.007374999999998_2.2831249999999996
Selective logging,Other,2.108875,15.423875,2018,my_examples_landsat_final/15.423875_2.108875
Selective logging,Other,4.915513889,13.00565278,2018,my_examples_landsat_final/13.005652777777781_4.915513888888888
Selective logging,Other,3.426525,14.782925,2018,my_examples_landsat_final/14.782924999999999_3.4265250000000003
Selective logging,Other,3.02735,15.42805,2018,my_examples_landsat_final/15.42805_3.0273499999999998
Selective logging,Other,4.452375,10.665875,2018,my_examples_landsat_final/10.665874999999998_4.452375
Selective logging,Other,3.751375,11.793375,2018,my_examples_landsat_final/11.793375_3.7513749999999995
Selective logging,Other,2.517232143,10.97432738,2018,my_examples_landsat_final/10.974327380952385_2.517232142857143
Selective logging,Other,4.189375,13.670125,2018,my_examples_landsat_final/13.670124999999999_4.189375
Selective logging,Other,3.019625,15.452625,2018,my_examples_landsat_final/15.452625000000001_3.019625
Selective logging,Other,5.954291667,9.418541667,2018,my_examples_landsat_final/9.41854166666667_5.954291666666667
Selective logging,Other,3.657894231,12.94740064,2018,my_examples_landsat_final/12.947400641025647_3.657894230769231
Selective logging,Other,4.057458333,14.66254167,2018,my_examples_landsat_final/14.662541666666664_4.057458333333332
Selective logging,Other,3.803875,13.046625,2018,my_examples_landsat_final/13.046625_3.803875
Selective logging,Other,3.617125,10.404875,2018,my_examples_landsat_final/10.404874999999999_3.617125
Selective logging,Other,3.082,11.330375,2018,my_examples_landsat_final/11.330375_3.082
Selective logging,Other,4.005375,14.079125,2018,my_examples_landsat_final/14.079125000000003_4.005375
Selective logging,Other,4.850232143,9.879803571,2018,my_examples_landsat_final/9.879803571428571_4.850232142857143
Selective logging,Other,5.614625,9.117625,2018,my_examples_landsat_final/9.117625_5.614625
Selective logging,Other,3.225,14.022875,2018,my_examples_landsat_final/14.022875_3.224999999999999
Selective logging,Other,2.810625,12.29,2018,my_examples_landsat_final/12.29_2.810625
Selective logging,Other,4.343425,14.384275,2018,my_examples_landsat_final/14.384275_4.343425000000001
Selective logging,Other,3.729375,14.133375,2018,my_examples_landsat_final/14.133375_3.7293749999999997
Selective logging,Other,2.423625,14.001875,2018,my_examples_landsat_final/14.001875_2.423625
Selective logging,Other,4.86775,13.69025,2018,my_examples_landsat_final/13.69025_4.867750000000001
Selective logging,Other,3.189475,14.999275,2018,my_examples_landsat_final/14.999275_3.189475
Selective logging,Other,3.493375,10.676875,2018,my_examples_landsat_final/10.676874999999999_3.4933750000000003
Selective logging,Other,3.505875,12.512625,2018,my_examples_landsat_final/12.512624999999998_3.505875
Selective logging,Other,4.18775,13.455375,2018,my_examples_landsat_final/13.455375_4.187749999999999
Selective logging,Other,5.726267857,11.45523214,2018,my_examples_landsat_final/11.455232142857144_5.726267857142857
Selective logging,Other,5.809965909,8.927875,2018,my_examples_landsat_final/8.927875_5.809965909090908
Selective logging,Other,3.677625,13.907875,2018,my_examples_landsat_final/13.907874999999999_3.6776249999999995
Selective logging,Other,3.727625,13.388875,2018,my_examples_landsat_final/13.388874999999999_3.727625
Selective logging,Other,5.272875,13.679625,2018,my_examples_landsat_final/13.679625_5.272875
Selective logging,Other,3.222125,15.574625,2018,my_examples_landsat_final/15.574625000000001_3.2221249999999997
Selective logging,Other,2.900236111,15.91690278,2018,my_examples_landsat_final/15.91690277777778_2.900236111111111
Selective logging,Other,4.77775,10.35075,2018,my_examples_landsat_final/10.35075_4.77775
Selective logging,Other,2.765625,15.167,2018,my_examples_landsat_final/15.166999999999998_2.765625
Selective logging,Other,5.024660714,8.989779762,2018,my_examples_landsat_final/8.989779761904762_5.024660714285717
Selective logging,Other,4.194875,14.168625,2018,my_examples_landsat_final/14.168624999999999_4.194875
Selective logging,Other,5.250125,9.318375,2018,my_examples_landsat_final/9.318375_5.250125
Selective logging,Other,3.421097222,15.51415278,2018,my_examples_landsat_final/15.514152777777776_3.421097222222221
Selective logging,Other,2.660125,11.202375,2018,my_examples_landsat_final/11.202375_2.660125
Selective logging,Other,2.610125,12.618875,2018,my_examples_landsat_final/12.618875_2.610125
Selective logging,Other,2.971141667,13.568525,2018,my_examples_landsat_final/13.568525000000001_2.971141666666667
Selective logging,Other,3.959541667,12.92970833,2018,my_examples_landsat_final/12.929708333333332_3.9595416666666665
Selective logging,Other,2.7226875,14.2936875,2018,my_examples_landsat_final/14.293687500000004_2.722687500000001
Selective logging,Other,5.907,9.106375,2018,my_examples_landsat_final/9.106375000000002_5.907
Selective logging,Other,2.39175,12.976125,2018,my_examples_landsat_final/12.976125_2.3917499999999996
Selective logging,Other,4.556125,9.406625,2018,my_examples_landsat_final/9.406625_4.556125
Selective logging,Other,2.358125,10.682125,2018,my_examples_landsat_final/10.682125000000001_2.358125
Selective logging,Other,2.73375,11.45475,2018,my_examples_landsat_final/11.45475_2.73375
Selective logging,Other,4.232375,13.924875,2018,my_examples_landsat_final/13.924875000000002_4.232375
Selective logging,Other,3.829,13.53825,2018,my_examples_landsat_final/13.538249999999998_3.8289999999999997
Selective logging,Other,2.628291667,13.31229167,2018,my_examples_landsat_final/13.312291666666665_2.6282916666666662
Selective logging,Other,3.633875,10.6369375,2018,my_examples_landsat_final/10.6369375_3.6338749999999997
Selective logging,Other,5.008833333,13.386875,2018,my_examples_landsat_final/13.386875000000002_5.008833333333333
Selective logging,Other,3.02259375,15.18734375,2018,my_examples_landsat_final/15.187343749999998_3.0225937499999995
Selective logging,Other,4.827875,10.704375,2018,my_examples_landsat_final/10.704374999999999_4.827875000000001
Selective logging,Other,3.148125,15.695625,2018,my_examples_landsat_final/15.695625000000001_3.1481250000000003
Selective logging,Other,3.655791667,13.11304167,2018,my_examples_landsat_final/13.11304166666667_3.6557916666666674
Selective logging,Other,3.447541667,15.20095833,2018,my_examples_landsat_final/15.200958333333334_3.4475416666666665
Selective logging,Other,4.547,13.2575,2018,my_examples_landsat_final/13.2575_4.547000000000001
Selective logging,Other,2.850925,13.116525,2018,my_examples_landsat_final/13.116525_2.850925
Selective logging,Other,3.755375,14.7369375,2018,my_examples_landsat_final/14.736937500000002_3.755375
Rubber plantation,Plantation,3.076125,12.436,2018,my_examples_landsat_final/12.436_3.076125
Rubber plantation,Plantation,2.931625,12.544875,2018,my_examples_landsat_final/12.544875000000003_2.931625000000001
Rubber plantation,Plantation,3.238375,12.413375,2018,my_examples_landsat_final/12.413375_3.238375
Rubber plantation,Plantation,3.075875,12.420625,2018,my_examples_landsat_final/12.420625000000001_3.075875
Rubber plantation,Plantation,2.93075,12.544375,2018,my_examples_landsat_final/12.544374999999999_2.9307499999999997
Rubber plantation,Plantation,3.223125,12.396625,2018,my_examples_landsat_final/12.396625_3.2231249999999996
Mining,Other,2.906125,12.168375,2019,my_examples_landsat_final/12.168375_2.906125
Mining,Other,3.357152778,10.61981944,2019,my_examples_landsat_final/10.619819444444444_3.357152777777777
Mining,Other,2.451125,12.847625,2019,my_examples_landsat_final/12.847625_2.4511249999999998
Mining,Other,2.208875,13.913375,2019,my_examples_landsat_final/13.913375_2.2088749999999995
Mining,Other,3.464041667,10.69220833,2019,my_examples_landsat_final/10.692208333333337_3.4640416666666667
Mining,Other,3.007175,14.18965,2019,my_examples_landsat_final/14.18965_3.0071749999999997
Mining,Other,3.28428125,15.59473958,2019,my_examples_landsat_final/15.594739583333329_3.2842812499999994
Mining,Other,2.797975,13.893675,2019,my_examples_landsat_final/13.893675000000004_2.7979749999999997
Mining,Other,3.46175,13.85025,2019,my_examples_landsat_final/13.850249999999999_3.46175
Mining,Other,2.648125,12.657125,2019,my_examples_landsat_final/12.657125_2.648125
Mining,Other,3.772775,10.650325,2019,my_examples_landsat_final/10.650324999999999_3.7727749999999993
Mining,Other,3.586625,10.759125,2019,my_examples_landsat_final/10.759125000000001_3.5866249999999997
Mining,Other,3.588625,10.6205,2019,my_examples_landsat_final/10.6205_3.588625
Mining,Other,3.379875,10.58180682,2019,my_examples_landsat_final/10.581806818181818_3.379874999999999
Mining,Other,3.62525,10.753625,2019,my_examples_landsat_final/10.753625_3.6252499999999994
Mining,Other,2.61175,12.671125,2019,my_examples_landsat_final/12.671124999999998_2.6117499999999993
Mining,Other,3.354875,14.14,2019,my_examples_landsat_final/14.140000000000002_3.3548749999999994
Mining,Other,3.669625,10.583125,2019,my_examples_landsat_final/10.583124999999997_3.6696250000000004
Mining,Other,3.66205,10.632575,2019,my_examples_landsat_final/10.632575_3.6620500000000002
Other large-scale plantations,Plantation,3.630625,10.059625,2019,my_examples_landsat_final/10.059625_3.6306249999999993
Other large-scale plantations,Plantation,3.893875,9.838875,2019,my_examples_landsat_final/9.838875_3.8938750000000004
Other large-scale plantations,Plantation,4.681625,14.225,2019,my_examples_landsat_final/14.225_4.681625
Fruit plantation,Plantation,4.72825,9.653625,2019,my_examples_landsat_final/9.653625_4.728249999999999
Rubber plantation,Plantation,4.389375,9.57375,2019,my_examples_landsat_final/9.573749999999999_4.389374999999999
Fruit plantation,Plantation,4.721375,9.715375,2019,my_examples_landsat_final/9.715375000000002_4.721374999999999
Other large-scale plantations,Plantation,4.1356875,9.2549375,2019,my_examples_landsat_final/9.2549375_4.1356874999999995
Rubber plantation,Plantation,2.899875,12.563625,2019,my_examples_landsat_final/12.563625_2.8998749999999998
Fruit plantation,Plantation,4.851125,9.773625,2019,my_examples_landsat_final/9.773625_4.851124999999999
Other large-scale plantations,Plantation,3.857375,9.9875,2019,my_examples_landsat_final/9.987499999999999_3.857375
Rubber plantation,Plantation,4.011,9.251375,2019,my_examples_landsat_final/9.251375_4.011
Other large-scale plantations,Plantation,4.191375,9.335916667,2019,my_examples_landsat_final/9.335916666666666_4.191375
Other large-scale plantations,Plantation,6.095011364,10.39895455,2019,my_examples_landsat_final/10.398954545454545_6.095011363636362
Fruit plantation,Plantation,4.728625,9.777,2019,my_examples_landsat_final/9.777000000000001_4.728625
Rubber plantation,Plantation,3.973,9.2375,2019,my_examples_landsat_final/9.2375_3.973
Rubber plantation,Plantation,4.418625,9.401303571,2019,my_examples_landsat_final/9.401303571428572_4.418625
Rubber plantation,Plantation,3.074625,12.422125,2019,my_examples_landsat_final/12.422124999999998_3.074625
Oil palm plantation,Plantation,2.558053571,9.993517857,2019,my_examples_landsat_final/9.993517857142857_2.5580535714285713
Other large-scale plantations,Plantation,6.084541667,10.381875,2019,my_examples_landsat_final/10.381875000000003_6.084541666666666
Rubber plantation,Plantation,3.188791667,12.38504167,2019,my_examples_landsat_final/12.385041666666666_3.188791666666667
Rubber plantation,Plantation,3.074875,12.426875,2019,my_examples_landsat_final/12.426874999999999_3.074875
Rubber plantation,Plantation,3.017625,12.554125,2019,my_examples_landsat_final/12.554124999999999_3.017625
Rubber plantation,Plantation,3.190375,12.403375,2019,my_examples_landsat_final/12.403375_3.190375
Oil palm plantation,Plantation,3.13575,12.275625,2019,my_examples_landsat_final/12.275625_3.135749999999999
Oil palm plantation,Plantation,2.284791667,11.28029167,2019,my_examples_landsat_final/11.280291666666665_2.2847916666666666
Rubber plantation,Plantation,3.184875,12.420625,2019,my_examples_landsat_final/12.420625000000001_3.184875
Fruit plantation,Plantation,4.632125,9.650875,2019,my_examples_landsat_final/9.650875_4.632124999999999
Timber plantation,Plantation,2.03596875,15.86171875,2019,my_examples_landsat_final/15.861718749999996_2.03596875
Timber plantation,Plantation,2.031458333,15.83420833,2019,my_examples_landsat_final/15.834208333333335_2.031458333333333
Timber plantation,Plantation,1.793875,15.914875,2019,my_examples_landsat_final/15.914874999999997_1.7938749999999999
Timber plantation,Plantation,1.855958333,15.84679167,2019,my_examples_landsat_final/15.846791666666668_1.8559583333333334
Timber plantation,Plantation,2.031125,15.831125,2019,my_examples_landsat_final/15.831125_2.031125
Timber plantation,Plantation,1.798916667,15.89145833,2019,my_examples_landsat_final/15.89145833333333_1.7989166666666667
Timber plantation,Plantation,2.033875,15.856375,2019,my_examples_landsat_final/15.856375000000003_2.0338749999999997
Timber plantation,Plantation,1.861625,15.856875,2019,my_examples_landsat_final/15.856874999999997_1.861625
Timber plantation,Plantation,2.0311875,15.8349375,2019,my_examples_landsat_final/15.834937499999999_2.0311874999999993
Timber plantation,Plantation,2.109625,16.017875,2019,my_examples_landsat_final/16.017874999999997_2.109625
Timber plantation,Plantation,1.792375,15.912875,2019,my_examples_landsat_final/15.912875_1.7923749999999996
Timber plantation,Plantation,1.8530625,15.84202083,2019,my_examples_landsat_final/15.842020833333331_1.8530624999999992
Timber plantation,Plantation,2.107875,16.015125,2019,my_examples_landsat_final/16.015125_2.107875
Timber plantation,Plantation,1.901375,16.077625,2019,my_examples_landsat_final/16.077625000000005_1.9013749999999996
Timber plantation,Plantation,2.108791667,16.01695833,2019,my_examples_landsat_final/16.016958333333335_2.108791666666667
Timber plantation,Plantation,2.033339286,15.856625,2019,my_examples_landsat_final/15.856625_2.0333392857142853
Timber plantation,Plantation,1.791625,15.883125,2019,my_examples_landsat_final/15.883125000000001_1.7916249999999998
Mining,Other,3.347226562,10.62667188,2019,my_examples_landsat_final/10.626671875000003_3.3472265624999995
Mining,Other,3.620625,10.753375,2019,my_examples_landsat_final/10.753374999999998_3.6206250000000004
Mining,Other,2.451125,12.848375,2019,my_examples_landsat_final/12.848374999999999_2.451125
Mining,Other,2.208625,13.913125,2019,my_examples_landsat_final/13.913125_2.208625
Mining,Other,3.460541667,10.69079167,2019,my_examples_landsat_final/10.690791666666668_3.4605416666666664
Mining,Other,3.354625,14.139625,2019,my_examples_landsat_final/14.139624999999999_3.354625
Mining,Other,2.797375,13.89375,2019,my_examples_landsat_final/13.893749999999999_2.797375
Mining,Other,2.647875,12.6575,2019,my_examples_landsat_final/12.657499999999999_2.647875
Mining,Other,3.770875,10.655625,2019,my_examples_landsat_final/10.655625_3.7708749999999998
Mining,Other,2.611597222,12.68106944,2019,my_examples_landsat_final/12.681069444444445_2.611597222222222
Mining,Other,3.581875,10.753375,2019,my_examples_landsat_final/10.753375_3.5818750000000006
Mining,Other,3.588125,10.620375,2019,my_examples_landsat_final/10.620375_3.5881249999999993
Mining,Other,3.379075,10.585675,2019,my_examples_landsat_final/10.585674999999998_3.379074999999999
Mining,Other,3.669425,10.601725,2019,my_examples_landsat_final/10.601725_3.669424999999999
Mining,Other,3.659125,10.633375,2019,my_examples_landsat_final/10.633375000000001_3.659125
Hunting,Other,4.87484375,12.42584375,2019,my_examples_landsat_final/12.425843749999997_4.874843750000001
Hunting,Other,3.514041667,15.24559722,2019,my_examples_landsat_final/15.24559722222222_3.514041666666666
Hunting,Other,3.007625,15.122375,2019,my_examples_landsat_final/15.122375_3.0076249999999995
Hunting,Other,8.589291667,13.36120833,2019,my_examples_landsat_final/13.361208333333336_8.589291666666668
Hunting,Other,3.525375,14.9375,2019,my_examples_landsat_final/14.9375_3.525375
Hunting,Other,2.433541667,15.41895833,2019,my_examples_landsat_final/15.418958333333336_2.4335416666666667
Hunting,Other,3.055625,14.716125,2019,my_examples_landsat_final/14.716125000000002_3.055625
Hunting,Other,3.474625,15.061375,2019,my_examples_landsat_final/15.061375_3.4746249999999996
Hunting,Other,3.481025,14.884075,2019,my_examples_landsat_final/14.884075000000001_3.481025
Hunting,Other,2.681625,15.316375,2019,my_examples_landsat_final/15.316375_2.681625
Hunting,Other,8.481025,13.694075,2019,my_examples_landsat_final/13.694074999999996_8.481024999999999
Hunting,Other,8.369375,12.96575,2019,my_examples_landsat_final/12.965749999999998_8.369375
Hunting,Other,3.25759375,14.86409375,2019,my_examples_landsat_final/14.86409375_3.2575937499999994
Hunting,Other,2.455485,15.495055,2019,my_examples_landsat_final/15.495055_2.455484999999999
Hunting,Other,5.263125,12.778625,2019,my_examples_landsat_final/12.778624999999998_5.2631250000000005
Hunting,Other,5.986791667,12.39354167,2019,my_examples_landsat_final/12.393541666666668_5.986791666666666
Hunting,Other,5.0828,12.43425,2019,my_examples_landsat_final/12.434249999999999_5.082800000000001
Hunting,Other,2.147408333,14.77324167,2019,my_examples_landsat_final/14.773241666666669_2.147408333333333
Hunting,Other,2.7715625,15.40265625,2019,my_examples_landsat_final/15.402656250000001_2.7715625000000004
Hunting,Other,3.02975,15.166375,2019,my_examples_landsat_final/15.166374999999999_3.02975
Hunting,Other,2.47275,12.84425,2019,my_examples_landsat_final/12.84425_2.47275
Hunting,Other,7.914475,12.756175,2019,my_examples_landsat_final/12.756174999999995_7.9144749999999995
Hunting,Other,2.151625,15.647375,2019,my_examples_landsat_final/15.647375000000002_2.151625
Mining,Other,3.618375,10.751625,2019,my_examples_landsat_final/10.751625_3.618375
Mining,Other,2.450625,12.848,2019,my_examples_landsat_final/12.847999999999999_2.450625
Mining,Other,2.7871875,13.90941667,2019,my_examples_landsat_final/13.909416666666667_2.7871875000000004
Mining,Other,2.2085,13.91375,2019,my_examples_landsat_final/13.913749999999999_2.2085
Mining,Other,3.452975,10.66619167,2019,my_examples_landsat_final/10.666191666666666_3.452974999999999
Mining,Other,3.350125,14.132125,2019,my_examples_landsat_final/14.132124999999998_3.350125
Mining,Other,2.647625,12.657875,2019,my_examples_landsat_final/12.657875_2.6476250000000006
Mining,Other,3.7706875,10.6548125,2019,my_examples_landsat_final/10.6548125_3.7706874999999993
Mining,Other,2.610458333,12.67629167,2019,my_examples_landsat_final/12.67629166666667_2.6104583333333338
Mining,Other,3.581625,10.756625,2019,my_examples_landsat_final/10.756625_3.5816250000000003
Mining,Other,3.58775,10.617375,2019,my_examples_landsat_final/10.617375_3.5877499999999998
Mining,Other,3.376569444,10.58823611,2019,my_examples_landsat_final/10.58823611111111_3.3765694444444443
Mining,Other,3.668625,10.599375,2019,my_examples_landsat_final/10.599375000000002_3.668625
Mining,Other,3.658875,10.633625,2019,my_examples_landsat_final/10.633624999999999_3.6588749999999997
Rubber plantation,Plantation,3.184425,12.424025,2019,my_examples_landsat_final/12.424025000000004_3.184425
Wildfire,Other,7.7491875,14.5683125,2019,my_examples_landsat_final/14.568312500107758_7.749187499799878
Wildfire,Other,7.795791666,14.111875,2019,my_examples_landsat_final/14.111875000000001_7.79579166629516
Wildfire,Other,8.310875,13.69579167,2019,my_examples_landsat_final/13.695791666098964_8.310875
Wildfire,Other,7.744625,14.57425,2019,my_examples_landsat_final/14.574249999999997_7.744625000000001
Wildfire,Other,7.747375,14.571125,2019,my_examples_landsat_final/14.571125_7.747374999999999
Wildfire,Other,7.7444375,14.5753125,2019,my_examples_landsat_final/14.575312500000003_7.744437500000001
Wildfire,Other,7.745125,14.565625,2019,my_examples_landsat_final/14.565625_7.745125000000001
Wildfire,Other,8.310625,13.695375,2019,my_examples_landsat_final/13.695375_8.310625
Wildfire,Other,8.133464286,15.08841071,2019,my_examples_landsat_final/15.088410714285713_8.133464285714286
Wildfire,Other,7.748932143,14.57073929,2019,my_examples_landsat_final/14.570739285754705_7.748932142676788
Wildfire,Other,7.749875,14.5785,2019,my_examples_landsat_final/14.578499999999998_7.749874999630542
Wildfire,Other,8.310920455,13.69473864,2019,my_examples_landsat_final/13.694738636363638_8.310920454545453
Wildfire,Other,8.309875,13.691875,2019,my_examples_landsat_final/13.691875_8.309874999999998
Wildfire,Other,7.745125,14.568,2019,my_examples_landsat_final/14.568000000000001_7.745125000000001
Wildfire,Other,7.746712966,14.56644908,2019,my_examples_landsat_final/14.566449075220257_7.746712965566623
Wildfire,Other,8.309402778,13.69243056,2019,my_examples_landsat_final/13.692430555555557_8.309402777777777
Wildfire,Other,8.311208333,13.69370833,2019,my_examples_landsat_final/13.693708333333335_8.311208333333335
Wildfire,Other,8.131725,15.090575,2019,my_examples_landsat_final/15.090575000000005_8.131725000000001
Wildfire,Other,7.7465625,14.5706875,2019,my_examples_landsat_final/14.570687500000002_7.746562500000001
Wildfire,Other,8.311425,13.69249167,2019,my_examples_landsat_final/13.69249166673565_8.311424999849176
Wildfire,Other,7.796125,14.111875,2019,my_examples_landsat_final/14.111875_7.796125
Wildfire,Other,7.956125,15.31670833,2019,my_examples_landsat_final/15.316708332693201_7.956124999999999
Wildfire,Other,7.761083333,14.17695833,2019,my_examples_landsat_final/14.176958333333333_7.7610833333333344
Rubber plantation,Plantation,3.181375,12.405625,2019,my_examples_landsat_final/12.405625_3.181374999999999
Rubber plantation,Plantation,3.077125,12.451,2019,my_examples_landsat_final/12.451_3.077125
Rubber plantation,Plantation,3.017875,12.553875,2019,my_examples_landsat_final/12.553875000000001_3.0178749999999996
Rubber plantation,Plantation,3.199708333,12.36920833,2019,my_examples_landsat_final/12.369208333333333_3.1997083333333336
Oil palm plantation,Plantation,4.884375,8.712375,2019,my_examples_landsat_final/8.712375000000002_4.884375
Other large-scale plantations,Plantation,3.635375,10.067875,2019,my_examples_landsat_final/10.067875_3.635375
Oil palm plantation,Plantation,3.797875,9.856875,2019,my_examples_landsat_final/9.856874999999999_3.797875
Oil palm plantation,Plantation,5.600041667,10.10904167,2019,my_examples_landsat_final/10.109041666666666_5.600041666666667
Other large-scale plantations,Plantation,3.900291667,9.807791667,2019,my_examples_landsat_final/9.807791666666668_3.900291666666667
Oil palm plantation,Plantation,3.921375,9.871375,2019,my_examples_landsat_final/9.871375_3.9213749999999994
Oil palm plantation,Plantation,4.157625,9.591875,2019,my_examples_landsat_final/9.591875_4.157625
Oil palm plantation,Plantation,3.709875,10.634875,2019,my_examples_landsat_final/10.634875_3.7098750000000003
Other large-scale plantations,Plantation,4.689458333,14.19529167,2019,my_examples_landsat_final/14.195291666666668_4.689458333333334
Fruit plantation,Plantation,4.734925,9.6694,2019,my_examples_landsat_final/9.6694_4.734924999999999
Rubber plantation,Plantation,4.392625,9.574125,2019,my_examples_landsat_final/9.574125_4.392625000000001
Oil palm plantation,Plantation,4.260875,8.970125,2019,my_examples_landsat_final/8.970125_4.2608749999999995
Oil palm plantation,Plantation,4.8625,8.71325,2019,my_examples_landsat_final/8.71325_4.8625
Oil palm plantation,Plantation,5.157625,9.281875,2019,my_examples_landsat_final/9.281875_5.157624999999999
Oil palm plantation,Plantation,4.500708333,8.971958333,2019,my_examples_landsat_final/8.971958333333333_4.500708333333333
Fruit plantation,Plantation,4.723875,9.706625,2019,my_examples_landsat_final/9.706625_4.723875
Oil palm plantation,Plantation,3.619875,10.657,2019,my_examples_landsat_final/10.657000000000002_3.6198750000000004
Other large-scale plantations,Plantation,4.137125,9.252875,2019,my_examples_landsat_final/9.252875000000001_4.137125
Oil palm plantation,Plantation,4.942125,8.821875,2019,my_examples_landsat_final/8.821875_4.942124999999999
Oil palm plantation,Plantation,4.053125,9.196125,2019,my_examples_landsat_final/9.196125000000002_4.053125
Oil palm plantation,Plantation,5.178763889,9.396152778,2019,my_examples_landsat_final/9.396152777777777_5.178763888888889
Oil palm plantation,Plantation,4.134791667,9.328041667,2019,my_examples_landsat_final/9.328041666666666_4.134791666666666
Oil palm plantation,Plantation,4.101275,9.226675,2019,my_examples_landsat_final/9.226675000000002_4.101274999999999
Fruit plantation,Plantation,4.85146875,9.78515625,2019,my_examples_landsat_final/9.785156250000002_4.8514687499999996
Oil palm plantation,Plantation,3.650791667,10.67104167,2019,my_examples_landsat_final/10.671041666666664_3.650791666666666
Other large-scale plantations,Plantation,3.858625,9.988125,2019,my_examples_landsat_final/9.988125000000002_3.858625
Rubber plantation,Plantation,4.012,9.26675,2019,my_examples_landsat_final/9.26675_4.012
Oil palm plantation,Plantation,4.01425,10.477,2019,my_examples_landsat_final/10.476999999999999_4.01425
Other large-scale plantations,Plantation,4.192041667,9.337208333,2019,my_examples_landsat_final/9.337208333333335_4.192041666666666
Oil palm plantation,Plantation,4.03409375,9.13821875,2019,my_examples_landsat_final/9.13821875_4.034093749999999
Other large-scale plantations,Plantation,6.383125,10.815875,2019,my_examples_landsat_final/10.815875_6.383125000000001
Other large-scale plantations,Plantation,6.107708333,10.39554167,2019,my_examples_landsat_final/10.395541666666668_6.107708333333336
Fruit plantation,Plantation,4.731125,9.771625,2019,my_examples_landsat_final/9.771625_4.7311250000000005
Oil palm plantation,Plantation,4.115013889,8.991847222,2019,my_examples_landsat_final/8.991847222222223_4.115013888888888
Oil palm plantation,Plantation,4.458541667,9.127541667,2019,my_examples_landsat_final/9.127541666666668_4.458541666666667
Rubber plantation,Plantation,4.421854167,9.3899375,2019,my_examples_landsat_final/9.3899375_4.421854166666666
Oil palm plantation,Plantation,4.534664474,9.127046053,2019,my_examples_landsat_final/9.12704605263158_4.53466447368421
Oil palm plantation,Plantation,5.162208333,9.312041667,2019,my_examples_landsat_final/9.312041666666667_5.162208333333334
Oil palm plantation,Plantation,4.227625,9.016375,2019,my_examples_landsat_final/9.016375_4.227625
Oil palm plantation,Plantation,4.993541667,8.903652778,2019,my_examples_landsat_final/8.90365277777778_4.993541666666667
Rubber plantation,Plantation,3.976229167,9.22815625,2019,my_examples_landsat_final/9.228156249999998_3.9762291666666663
Oil palm plantation,Plantation,5.331875,9.47375,2019,my_examples_landsat_final/9.47375_5.331874999999999
Other large-scale plantations,Plantation,6.085375,10.381625,2019,my_examples_landsat_final/10.381625000000003_6.085375000000001
Oil palm plantation,Plantation,3.719625,10.582625,2019,my_examples_landsat_final/10.582625_3.7196249999999997
Oil palm plantation,Plantation,4.109625,9.220625,2019,my_examples_landsat_final/9.220625_4.109624999999999
Oil palm plantation,Plantation,4.639,9.054125,2019,my_examples_landsat_final/9.054124999999999_4.638999999999999
Oil palm plantation,Plantation,4.439,8.937,2019,my_examples_landsat_final/8.937000000000001_4.438999999999999
Oil palm plantation,Plantation,4.563375,9.056875,2019,my_examples_landsat_final/9.056875000000002_4.563375
Oil palm plantation,Plantation,5.165915598,9.319325855,2019,my_examples_landsat_final/9.319325854700852_5.1659155982905975
Oil palm plantation,Plantation,5.162875,9.426125,2019,my_examples_landsat_final/9.426125_5.162874999999999
Other large-scale plantations,Plantation,3.631125,10.059875,2019,my_examples_landsat_final/10.059875_3.6311249999999995
Other large-scale plantations,Plantation,3.894475,9.840175,2019,my_examples_landsat_final/9.840175_3.8944749999999995
Other large-scale plantations,Plantation,4.68925,14.2115,2019,my_examples_landsat_final/14.211500000000003_4.6892499999999995
Fruit plantation,Plantation,4.731125,9.653875,2019,my_examples_landsat_final/9.653875_4.7311250000000005
Rubber plantation,Plantation,4.391875,9.574125,2019,my_examples_landsat_final/9.574125_4.391875
Fruit plantation,Plantation,4.723291667,9.715541667,2019,my_examples_landsat_final/9.715541666666669_4.723291666666666
Other large-scale plantations,Plantation,4.136569444,9.254597222,2019,my_examples_landsat_final/9.254597222222221_4.136569444444444
Fruit plantation,Plantation,4.851375,9.773875,2019,my_examples_landsat_final/9.773875_4.851375
Other large-scale plantations,Plantation,3.858375,9.986375,2019,my_examples_landsat_final/9.986374999999999_3.858375
Rubber plantation,Plantation,4.011375,9.251625,2019,my_examples_landsat_final/9.251625000000002_4.011375
Other large-scale plantations,Plantation,4.191875,9.338375,2019,my_examples_landsat_final/9.338375000000001_4.191874999999999
Other large-scale plantations,Plantation,6.095625,10.399875,2019,my_examples_landsat_final/10.399875_6.095625
Fruit plantation,Plantation,4.729451923,9.772105769,2019,my_examples_landsat_final/9.772105769230771_4.7294519230769225
Rubber plantation,Plantation,4.421625,9.388375,2019,my_examples_landsat_final/9.388375_4.421625000000001
Rubber plantation,Plantation,3.973375,9.223875,2019,my_examples_landsat_final/9.223875000000001_3.9733749999999994
Oil palm plantation,Plantation,2.558625,9.993875,2019,my_examples_landsat_final/9.993875000000001_2.5586249999999997
Other large-scale plantations,Plantation,6.085125,10.381375,2019,my_examples_landsat_final/10.381374999999998_6.085125000000001
Small-scale oil palm plantation,Smallholder agriculture,3.870330937,10.86758054,2019,my_examples_landsat_final/10.86758053622464_3.8703309365465746
Small-scale oil palm plantation,Smallholder agriculture,3.669309557,10.73317286,2019,my_examples_landsat_final/10.733172861174861_3.6693095565771907
Small-scale oil palm plantation,Smallholder agriculture,4.276242748,9.571375012,2019,my_examples_landsat_final/9.571375012173828_4.276242748155098
Small-scale oil palm plantation,Smallholder agriculture,3.843295237,9.874796659,2019,my_examples_landsat_final/9.874796658533333_3.8432952368543347
Small-scale oil palm plantation,Smallholder agriculture,3.126717818,12.12408991,2019,my_examples_landsat_final/12.1240899066936_3.1267178177182835
Small-scale oil palm plantation,Smallholder agriculture,3.177411726,12.10236729,2019,my_examples_landsat_final/12.102367289598218_3.17741172563987
Small-scale oil palm plantation,Smallholder agriculture,3.752516525,10.654375,2019,my_examples_landsat_final/10.654375000000002_3.752516525440506
Small-scale oil palm plantation,Smallholder agriculture,4.036880301,9.884208144,2019,my_examples_landsat_final/9.884208144426845_4.036880300930509
Small-scale oil palm plantation,Smallholder agriculture,4.172198234,9.850591125,2019,my_examples_landsat_final/9.850591125453223_4.172198234265378
Small-scale oil palm plantation,Smallholder agriculture,3.801125,11.040875,2019,my_examples_landsat_final/11.040875_3.8011249999999994
Small-scale oil palm plantation,Smallholder agriculture,3.232949453,11.73881696,2019,my_examples_landsat_final/11.73881696223196_3.232949452962744
Small-scale oil palm plantation,Smallholder agriculture,3.734208103,10.68123902,2019,my_examples_landsat_final/10.681239023071152_3.734208102864394
Small-scale oil palm plantation,Smallholder agriculture,2.871220623,12.03235902,2019,my_examples_landsat_final/12.032359021975847_2.87122062264898
Small-scale oil palm plantation,Smallholder agriculture,2.355306095,10.6578492,2019,my_examples_landsat_final/10.657849201465524_2.3553060951319074
Small-scale oil palm plantation,Smallholder agriculture,3.613847219,10.69955477,2019,my_examples_landsat_final/10.69955476985186_3.6138472190002964
Small-scale oil palm plantation,Smallholder agriculture,3.59628143,10.12810844,2019,my_examples_landsat_final/10.12810844040784_3.5962814304098205
Small-scale oil palm plantation,Smallholder agriculture,4.150753525,9.950570513,2019,my_examples_landsat_final/9.9505705132647_4.150753525044545
Small-scale oil palm plantation,Smallholder agriculture,3.111125,12.025875,2019,my_examples_landsat_final/12.025875000000001_3.1111250000000004
Small-scale oil palm plantation,Smallholder agriculture,3.920540284,10.91541871,2019,my_examples_landsat_final/10.915418705704242_3.9205402842092276
Small-scale oil palm plantation,Smallholder agriculture,3.934298149,9.914416482,2019,my_examples_landsat_final/9.91441648156129_3.9342981492968896
Small-scale oil palm plantation,Smallholder agriculture,3.969844957,10.0269222,2019,my_examples_landsat_final/10.026922203424647_3.969844957221256
Small-scale oil palm plantation,Smallholder agriculture,3.958383588,9.911012838,2019,my_examples_landsat_final/9.911012838051871_3.958383588398337
Small-scale oil palm plantation,Smallholder agriculture,3.865690591,10.09227704,2019,my_examples_landsat_final/10.092277041179964_3.865690590972085
Small-scale oil palm plantation,Smallholder agriculture,3.657800211,10.56374287,2019,my_examples_landsat_final/10.56374286774896_3.6578002108493366
Small-scale oil palm plantation,Smallholder agriculture,4.276036147,9.571875,2019,my_examples_landsat_final/9.571874999999999_4.276036147297565
Small-scale oil palm plantation,Smallholder agriculture,3.488092073,11.77909252,2019,my_examples_landsat_final/11.779092518169222_3.4880920729017344
Small-scale oil palm plantation,Smallholder agriculture,3.769910052,11.12536286,2019,my_examples_landsat_final/11.12536286053449_3.7699100523006392
Small-scale oil palm plantation,Smallholder agriculture,3.622343615,10.71976085,2019,my_examples_landsat_final/10.719760853791328_3.6223436151257173
Small-scale oil palm plantation,Smallholder agriculture,3.694241133,10.61402047,2019,my_examples_landsat_final/10.614020471193824_3.6942411334389234
Small-scale oil palm plantation,Smallholder agriculture,4.289256493,9.585673792,2019,my_examples_landsat_final/9.585673792444004_4.289256493061053
Small-scale oil palm plantation,Smallholder agriculture,3.795941001,10.22107791,2019,my_examples_landsat_final/10.221077914939194_3.7959410010616152
Small-scale oil palm plantation,Smallholder agriculture,3.221263522,11.86417698,2019,my_examples_landsat_final/11.86417697603373_3.2212635218112537
Small-scale oil palm plantation,Smallholder agriculture,4.639256541,9.929685318,2019,my_examples_landsat_final/9.92968531825381_4.639256540784003
Small-scale oil palm plantation,Smallholder agriculture,4.206375,9.863925,2019,my_examples_landsat_final/9.863925000000002_4.2063749999999995
Small-scale oil palm plantation,Smallholder agriculture,3.733167828,10.68087115,2019,my_examples_landsat_final/10.68087115121723_3.733167827743858
Small-scale oil palm plantation,Smallholder agriculture,3.615402901,10.6998064,2019,my_examples_landsat_final/10.699806404942006_3.615402901137527
Small-scale oil palm plantation,Smallholder agriculture,3.737157834,10.68951399,2019,my_examples_landsat_final/10.689513990322032_3.7371578338054525
Small-scale oil palm plantation,Smallholder agriculture,3.63795389,10.725375,2019,my_examples_landsat_final/10.725375_3.6379538903187494
Small-scale oil palm plantation,Smallholder agriculture,4.285717144,9.612506212,2019,my_examples_landsat_final/9.612506211641259_4.285717144129875
Small-scale oil palm plantation,Smallholder agriculture,3.737775325,10.71249771,2019,my_examples_landsat_final/10.71249770936448_3.7377753246881804
Small-scale oil palm plantation,Smallholder agriculture,3.000659206,12.02946663,2019,my_examples_landsat_final/12.029466630370223_3.0006592060978026
Small-scale oil palm plantation,Smallholder agriculture,3.613403868,10.12041047,2019,my_examples_landsat_final/10.120410472535138_3.6134038680134393
Small-scale oil palm plantation,Smallholder agriculture,3.861024882,9.891990781,2019,my_examples_landsat_final/9.89199078103346_3.8610248822015443
Small-scale oil palm plantation,Smallholder agriculture,3.771326675,11.1277443,2019,my_examples_landsat_final/11.127744302451726_3.7713266752361596
Small-scale oil palm plantation,Smallholder agriculture,3.97640587,9.909563986,2019,my_examples_landsat_final/9.90956398593957_3.976405869500835
Small-scale oil palm plantation,Smallholder agriculture,4.277078699,9.584347665,2019,my_examples_landsat_final/9.584347664710235_4.277078699029211
Small-scale oil palm plantation,Smallholder agriculture,3.844609496,9.873109397,2019,my_examples_landsat_final/9.873109396900665_3.844609496179721
Small-scale oil palm plantation,Smallholder agriculture,3.820732662,10.91075303,2019,my_examples_landsat_final/10.910753030093053_3.820732661849139
Small-scale oil palm plantation,Smallholder agriculture,3.707253933,10.40176047,2019,my_examples_landsat_final/10.401760467729162_3.7072539328845773
Small-scale oil palm plantation,Smallholder agriculture,3.119498184,11.67539246,2019,my_examples_landsat_final/11.675392460026016_3.119498183836694
Small-scale oil palm plantation,Smallholder agriculture,4.066262342,11.00767348,2019,my_examples_landsat_final/11.007673479265415_4.066262341916367
Small-scale oil palm plantation,Smallholder agriculture,3.718799488,10.58345501,2019,my_examples_landsat_final/10.583455013090811_3.7187994881115825
Small-scale oil palm plantation,Smallholder agriculture,3.530133527,11.983375,2019,my_examples_landsat_final/11.983374999999999_3.5301335270243523
Small-scale oil palm plantation,Smallholder agriculture,3.815502542,10.27416639,2019,my_examples_landsat_final/10.274166388338942_3.8155025420708775
Small-scale oil palm plantation,Smallholder agriculture,4.228083903,9.545099641,2019,my_examples_landsat_final/9.54509964108172_4.2280839025781125
Small-scale oil palm plantation,Smallholder agriculture,4.288479792,9.654230937,2019,my_examples_landsat_final/9.654230937187_4.288479792447696
Small-scale oil palm plantation,Smallholder agriculture,4.280091354,9.582299745,2019,my_examples_landsat_final/9.582299745484624_4.280091354006589
Small-scale oil palm plantation,Smallholder agriculture,3.639252628,11.17510057,2019,my_examples_landsat_final/11.175100569194216_3.6392526281924376
Small-scale oil palm plantation,Smallholder agriculture,3.735957092,10.67402393,2019,my_examples_landsat_final/10.67402393387448_3.735957091665017
Small-scale oil palm plantation,Smallholder agriculture,4.27290818,9.564546087,2019,my_examples_landsat_final/9.564546086584473_4.272908180038594
Small-scale oil palm plantation,Smallholder agriculture,3.851125,9.8175,2019,my_examples_landsat_final/9.8175_3.8511249999999992
Small-scale oil palm plantation,Smallholder agriculture,4.175265554,10.6680146,2019,my_examples_landsat_final/10.668014604533756_4.175265554345674
Small-scale oil palm plantation,Smallholder agriculture,3.630465313,10.29104287,2019,my_examples_landsat_final/10.291042869722196_3.6304653131866726
Small-scale oil palm plantation,Smallholder agriculture,4.120079626,10.05263445,2019,my_examples_landsat_final/10.052634447247303_4.120079625829359
Small-scale oil palm plantation,Smallholder agriculture,3.975454901,9.90954842,2019,my_examples_landsat_final/9.909548419628575_3.9754549006197637
Small-scale oil palm plantation,Smallholder agriculture,3.130367502,12.27211635,2019,my_examples_landsat_final/12.272116350524275_3.1303675021151083
Small-scale oil palm plantation,Smallholder agriculture,3.753645753,11.39423655,2019,my_examples_landsat_final/11.394236553882799_3.753645752751944
Small-scale oil palm plantation,Smallholder agriculture,3.602361783,10.71182005,2019,my_examples_landsat_final/10.71182004891709_3.602361783444233
Small-scale oil palm plantation,Smallholder agriculture,4.346059335,9.564927378,2019,my_examples_landsat_final/9.564927377759636_4.3460593346620335
Small-scale oil palm plantation,Smallholder agriculture,3.73396787,10.65721433,2019,my_examples_landsat_final/10.657214333138043_3.7339678699651637
Small-scale oil palm plantation,Smallholder agriculture,3.122994773,11.7035119,2019,my_examples_landsat_final/11.703511896654126_3.122994773312215
Small-scale oil palm plantation,Smallholder agriculture,3.584163895,11.96434089,2019,my_examples_landsat_final/11.964340891562106_3.5841638954619612
Small-scale oil palm plantation,Smallholder agriculture,3.710970483,10.6972242,2019,my_examples_landsat_final/10.69722419520887_3.710970483072659
Small-scale oil palm plantation,Smallholder agriculture,4.288959115,9.69602796,2019,my_examples_landsat_final/9.696027959809937_4.288959115026727
Small-scale oil palm plantation,Smallholder agriculture,4.957638146,8.862858711,2019,my_examples_landsat_final/8.862858710595564_4.95763814553649
Small-scale oil palm plantation,Smallholder agriculture,4.150375,9.630928794,2019,my_examples_landsat_final/9.63092879429816_4.150375
Small-scale oil palm plantation,Smallholder agriculture,2.948625,11.69633854,2019,my_examples_landsat_final/11.696338543852702_2.9486250000000003
Small-scale oil palm plantation,Smallholder agriculture,4.155375,9.564306312,2019,my_examples_landsat_final/9.564306311621461_4.155374999999999
Small-scale oil palm plantation,Smallholder agriculture,3.126336175,12.12433204,2019,my_examples_landsat_final/12.12433203938283_3.126336174991946
Small-scale oil palm plantation,Smallholder agriculture,3.643302884,10.13272204,2019,my_examples_landsat_final/10.132722036127436_3.6433028837538655
Small-scale oil palm plantation,Smallholder agriculture,3.124982922,12.12401303,2019,my_examples_landsat_final/12.124013029103148_3.124982922193625
Small-scale oil palm plantation,Smallholder agriculture,3.612822406,10.11827923,2019,my_examples_landsat_final/10.118279233911501_3.612822406202828
Small-scale oil palm plantation,Smallholder agriculture,4.190379605,9.573242661,2019,my_examples_landsat_final/9.573242661374204_4.1903796051651
Small-scale oil palm plantation,Smallholder agriculture,3.887005565,10.931375,2019,my_examples_landsat_final/10.931375_3.8870055652346074
Small-scale oil palm plantation,Smallholder agriculture,3.65457304,10.70057236,2019,my_examples_landsat_final/10.70057235504277_3.654573040187434
Small-scale oil palm plantation,Smallholder agriculture,3.650322195,10.67026249,2019,my_examples_landsat_final/10.670262488616114_3.6503221946149274
Small-scale oil palm plantation,Smallholder agriculture,3.224761759,11.86492877,2019,my_examples_landsat_final/11.864928767131094_3.2247617585073938
Small-scale oil palm plantation,Smallholder agriculture,4.234964684,9.527396872,2019,my_examples_landsat_final/9.527396871906554_4.234964684220946
Small-scale oil palm plantation,Smallholder agriculture,3.894277178,9.840002152,2019,my_examples_landsat_final/9.840002151551912_3.894277178002875
Small-scale oil palm plantation,Smallholder agriculture,3.684532406,9.862539125,2019,my_examples_landsat_final/9.862539125450665_3.6845324059092497
Small-scale oil palm plantation,Smallholder agriculture,5.036580406,9.906094972,2019,my_examples_landsat_final/9.90609497155133_5.036580405871591
Small-scale oil palm plantation,Smallholder agriculture,3.847293847,9.877839093,2019,my_examples_landsat_final/9.877839093400791_3.847293847385555
Small-scale oil palm plantation,Smallholder agriculture,3.974799466,10.01780929,2019,my_examples_landsat_final/10.017809290629039_3.9747994659212513
Small-scale oil palm plantation,Smallholder agriculture,4.004794651,9.929012648,2019,my_examples_landsat_final/9.929012647584203_4.004794650625415
Small-scale oil palm plantation,Smallholder agriculture,4.310785831,9.588156167,2019,my_examples_landsat_final/9.588156166860045_4.310785830517587
Small-scale oil palm plantation,Smallholder agriculture,3.760425376,10.65560842,2019,my_examples_landsat_final/10.655608417601078_3.7604253761684756
Small-scale oil palm plantation,Smallholder agriculture,3.966435298,9.941986805,2019,my_examples_landsat_final/9.941986805111098_3.9664352982620525
Small-scale oil palm plantation,Smallholder agriculture,3.953125,9.98875,2019,my_examples_landsat_final/9.988750000000001_3.9531250000000004
Small-scale oil palm plantation,Smallholder agriculture,3.619390636,10.69481386,2019,my_examples_landsat_final/10.694813860244523_3.619390635900714
Small-scale oil palm plantation,Smallholder agriculture,3.759375,10.68876505,2019,my_examples_landsat_final/10.68876505345476_3.759375
Small-scale oil palm plantation,Smallholder agriculture,3.973802146,9.909501793,2019,my_examples_landsat_final/9.909501792625068_3.9738021457039765
Small-scale oil palm plantation,Smallholder agriculture,2.753651886,11.97487831,2019,my_examples_landsat_final/11.974878308488965_2.7536518861286656
Small-scale oil palm plantation,Smallholder agriculture,3.839539992,10.4084592,2019,my_examples_landsat_final/10.408459204612946_3.839539992080777
Small-scale oil palm plantation,Smallholder agriculture,3.421661002,11.84977648,2019,my_examples_landsat_final/11.849776480400871_3.4216610023238774
Small-scale oil palm plantation,Smallholder agriculture,3.651271353,10.73091044,2019,my_examples_landsat_final/10.730910443476539_3.6512713531973873
Small-scale oil palm plantation,Smallholder agriculture,3.590203371,11.17768279,2019,my_examples_landsat_final/11.177682792836864_3.590203371415561
Small-scale oil palm plantation,Smallholder agriculture,4.322033067,9.573987308,2019,my_examples_landsat_final/9.57398730845377_4.322033066719461
Small-scale oil palm plantation,Smallholder agriculture,3.615987539,11.31109584,2019,my_examples_landsat_final/11.311095842431111_3.6159875389343767
Small-scale oil palm plantation,Smallholder agriculture,3.744259266,10.69701252,2019,my_examples_landsat_final/10.697012520787961_3.744259266481885
Small-scale oil palm plantation,Smallholder agriculture,4.271755186,9.585746286,2019,my_examples_landsat_final/9.585746285883982_4.271755186101762
Small-scale oil palm plantation,Smallholder agriculture,4.091024417,10.92707296,2019,my_examples_landsat_final/10.927072963293947_4.091024416871663
Small-scale oil palm plantation,Smallholder agriculture,3.128035095,12.27519787,2019,my_examples_landsat_final/12.275197865109222_3.1280350947007194
Small-scale oil palm plantation,Smallholder agriculture,3.768363886,11.07678303,2019,my_examples_landsat_final/11.076783033723604_3.768363885714986
Small-scale oil palm plantation,Smallholder agriculture,4.125875,9.471875,2019,my_examples_landsat_final/9.471874999999999_4.125875
Small-scale oil palm plantation,Smallholder agriculture,3.59038322,11.08185717,2019,my_examples_landsat_final/11.081857170669144_3.59038322012569
Small-scale oil palm plantation,Smallholder agriculture,3.64725014,10.12535081,2019,my_examples_landsat_final/10.125350810235595_3.6472501395763213
Small-scale oil palm plantation,Smallholder agriculture,3.965017688,9.942476222,2019,my_examples_landsat_final/9.942476221887878_3.965017688499572
Small-scale oil palm plantation,Smallholder agriculture,3.609748985,10.11813883,2019,my_examples_landsat_final/10.118138832805963_3.609748985219606
Small-scale oil palm plantation,Smallholder agriculture,3.684553516,9.86108585,2019,my_examples_landsat_final/9.861085849691431_3.6845535164232643
Small-scale oil palm plantation,Smallholder agriculture,4.240622627,9.524371979,2019,my_examples_landsat_final/9.524371979316323_4.240622626962688
Small-scale oil palm plantation,Smallholder agriculture,3.697215518,11.63783706,2019,my_examples_landsat_final/11.637837062583753_3.697215518302142
Small-scale oil palm plantation,Smallholder agriculture,4.296594585,9.661246423,2019,my_examples_landsat_final/9.661246423154187_4.296594584941741
Small-scale oil palm plantation,Smallholder agriculture,3.690569499,10.60697216,2019,my_examples_landsat_final/10.606972157493564_3.6905694991090874
Small-scale oil palm plantation,Smallholder agriculture,4.408460097,9.416382509,2019,my_examples_landsat_final/9.41638250888767_4.408460097286704
Small-scale oil palm plantation,Smallholder agriculture,4.066133108,11.00810643,2019,my_examples_landsat_final/11.008106431576065_4.066133107798661
Small-scale oil palm plantation,Smallholder agriculture,4.297876714,9.636590354,2019,my_examples_landsat_final/9.636590354270474_4.297876714456591
Small-scale oil palm plantation,Smallholder agriculture,3.992510019,11.65758277,2019,my_examples_landsat_final/11.657582774137579_3.9925100194196688
Small-scale oil palm plantation,Smallholder agriculture,3.873581289,10.94697912,2019,my_examples_landsat_final/10.946979120966141_3.873581288853692
Small-scale oil palm plantation,Smallholder agriculture,3.584625,11.964125,2019,my_examples_landsat_final/11.964125_3.5846250000000004
Small-scale oil palm plantation,Smallholder agriculture,4.339756491,9.387661903,2019,my_examples_landsat_final/9.387661902593546_4.339756490793902
Small-scale oil palm plantation,Smallholder agriculture,4.19454268,9.869777168,2019,my_examples_landsat_final/9.869777167571668_4.194542680387034
Small-scale oil palm plantation,Smallholder agriculture,2.908125,11.725,2019,my_examples_landsat_final/11.725_2.9081249999999996
Small-scale oil palm plantation,Smallholder agriculture,3.972793234,9.929512302,2019,my_examples_landsat_final/9.929512301853533_3.9727932339520744
Small-scale oil palm plantation,Smallholder agriculture,3.964816877,10.73173648,2019,my_examples_landsat_final/10.73173648279375_3.9648168770017524
Small-scale oil palm plantation,Smallholder agriculture,3.832879559,10.99661543,2019,my_examples_landsat_final/10.99661543339454_3.832879558517569
Small-scale oil palm plantation,Smallholder agriculture,3.740799351,10.75180581,2019,my_examples_landsat_final/10.751805812698862_3.7407993513959665
Small-scale oil palm plantation,Smallholder agriculture,3.725022273,10.73852316,2019,my_examples_landsat_final/10.738523164719858_3.7250222728172644
Small-scale oil palm plantation,Smallholder agriculture,4.194675587,9.868764287,2019,my_examples_landsat_final/9.868764287076678_4.194675586513627
Small-scale oil palm plantation,Smallholder agriculture,3.974109116,9.908245462,2019,my_examples_landsat_final/9.908245461789743_3.9741091160166304
Small-scale oil palm plantation,Smallholder agriculture,4.175695218,11.54200177,2019,my_examples_landsat_final/11.542001765986933_4.1756952177786575
Small-scale oil palm plantation,Smallholder agriculture,3.96127598,11.666375,2019,my_examples_landsat_final/11.666374999999999_3.9612759800039594
Small-scale oil palm plantation,Smallholder agriculture,4.272260115,9.624024463,2019,my_examples_landsat_final/9.624024462547517_4.272260114508056
Small-scale oil palm plantation,Smallholder agriculture,4.033253582,10.90855005,2019,my_examples_landsat_final/10.908550049495151_4.033253582458919
Small-scale oil palm plantation,Smallholder agriculture,3.620929577,10.69354935,2019,my_examples_landsat_final/10.693549352301472_3.6209295773734187
Small-scale oil palm plantation,Smallholder agriculture,3.523954249,10.11328724,2019,my_examples_landsat_final/10.113287236190853_3.5239542486636313
Small-scale oil palm plantation,Smallholder agriculture,4.080779997,11.01357735,2019,my_examples_landsat_final/11.013577350809767_4.080779996913653
Small-scale oil palm plantation,Smallholder agriculture,3.663777529,10.68821035,2019,my_examples_landsat_final/10.688210350036922_3.6637775285297436
Small-scale oil palm plantation,Smallholder agriculture,3.421590002,11.848875,2019,my_examples_landsat_final/11.848875000000001_3.421590001979806
Small-scale oil palm plantation,Smallholder agriculture,3.811625,11.63447018,2019,my_examples_landsat_final/11.634470184121955_3.8116249999999994
Small-scale oil palm plantation,Smallholder agriculture,3.726490927,10.6820214,2019,my_examples_landsat_final/10.682021401207683_3.7264909265491983
Small-scale oil palm plantation,Smallholder agriculture,3.969015613,10.01431105,2019,my_examples_landsat_final/10.014311051001007_3.9690156134753534
Small-scale oil palm plantation,Smallholder agriculture,3.711229801,10.11012417,2019,my_examples_landsat_final/10.110124172465923_3.711229801150088
Small-scale oil palm plantation,Smallholder agriculture,3.697944474,10.71435925,2019,my_examples_landsat_final/10.71435925318021_3.697944473531675
Small-scale oil palm plantation,Smallholder agriculture,3.890507284,10.686732,2019,my_examples_landsat_final/10.68673200009899_3.8905072837061976
Small-scale oil palm plantation,Smallholder agriculture,3.976041667,9.909041667,2019,my_examples_landsat_final/9.909041666666667_3.9760416666666676
Small-scale oil palm plantation,Smallholder agriculture,3.66654466,10.71411371,2019,my_examples_landsat_final/10.714113711989363_3.666544659655365
Small-scale oil palm plantation,Smallholder agriculture,2.982586203,12.07105759,2019,my_examples_landsat_final/12.07105758859632_2.9825862027321324
Small-scale oil palm plantation,Smallholder agriculture,3.865625,9.881625,2019,my_examples_landsat_final/9.881625000000001_3.865625
Small-scale oil palm plantation,Smallholder agriculture,3.973653817,9.929818228,2019,my_examples_landsat_final/9.929818227852673_3.9736538170281204
Small-scale oil palm plantation,Smallholder agriculture,4.158875,9.516625,2019,my_examples_landsat_final/9.516625000000001_4.158874999999999
Small-scale oil palm plantation,Smallholder agriculture,3.801625,11.040875,2019,my_examples_landsat_final/11.040875_3.801625
Small-scale oil palm plantation,Smallholder agriculture,3.672162594,10.69744324,2019,my_examples_landsat_final/10.697443236827368_3.672162594188431
Small-scale oil palm plantation,Smallholder agriculture,3.84728927,9.877881139,2019,my_examples_landsat_final/9.87788113894217_3.8472892701463497
Small-scale oil palm plantation,Smallholder agriculture,3.86625,9.88175,2019,my_examples_landsat_final/9.881750000000002_3.86625
Small-scale oil palm plantation,Smallholder agriculture,4.165208333,9.588541667,2019,my_examples_landsat_final/9.58854166666667_4.165208333333334
Small-scale oil palm plantation,Smallholder agriculture,4.060116848,10.79053061,2019,my_examples_landsat_final/10.790530611760047_4.060116848148882
Small-scale oil palm plantation,Smallholder agriculture,3.650622339,10.36736719,2019,my_examples_landsat_final/10.367367185817658_3.6506223389281494
Small-scale oil palm plantation,Smallholder agriculture,3.740757548,10.67367436,2019,my_examples_landsat_final/10.673674357058008_3.740757548010295
Small-scale oil palm plantation,Smallholder agriculture,3.599331552,10.13885818,2019,my_examples_landsat_final/10.138858184093836_3.599331552231084
Small-scale oil palm plantation,Smallholder agriculture,4.165055315,9.589125,2019,my_examples_landsat_final/9.589125_4.16505531478915
Small-scale oil palm plantation,Smallholder agriculture,4.090927887,10.92671504,2019,my_examples_landsat_final/10.92671503540187_4.090927886839388
Small-scale oil palm plantation,Smallholder agriculture,3.662072512,11.17199335,2019,my_examples_landsat_final/11.171993345872105_3.662072512373787
Small-scale oil palm plantation,Smallholder agriculture,3.96754509,10.23778993,2019,my_examples_landsat_final/10.237789929716888_3.967545090081172
Small-scale oil palm plantation,Smallholder agriculture,4.036970133,9.884206767,2019,my_examples_landsat_final/9.884206766976835_4.036970132647001
Small-scale oil palm plantation,Smallholder agriculture,3.958078925,10.71474559,2019,my_examples_landsat_final/10.714745593446843_3.958078924965354
Small-scale oil palm plantation,Smallholder agriculture,4.200207247,9.962589172,2019,my_examples_landsat_final/9.96258917194615_4.200207247079785
Small-scale oil palm plantation,Smallholder agriculture,3.88526564,9.861739607,2019,my_examples_landsat_final/9.86173960663268_3.8852656395428213
Small-scale oil palm plantation,Smallholder agriculture,3.666677017,10.65806186,2019,my_examples_landsat_final/10.65806185951565_3.6666770174070535
Small-scale oil palm plantation,Smallholder agriculture,3.640695686,11.19650384,2019,my_examples_landsat_final/11.1965038353071_3.6406956856948023
Small-scale oil palm plantation,Smallholder agriculture,3.135670751,12.27543396,2019,my_examples_landsat_final/12.275433957575865_3.1356707512237976
Small-scale oil palm plantation,Smallholder agriculture,4.278973455,9.5767547,2019,my_examples_landsat_final/9.576754700059395_4.278973454761433
Small-scale oil palm plantation,Smallholder agriculture,3.990052546,9.946538085,2019,my_examples_landsat_final/9.94653808510162_3.99005254645114
Small-scale oil palm plantation,Smallholder agriculture,3.877470246,10.72913365,2019,my_examples_landsat_final/10.729133653239296_3.877470246143921
Small-scale oil palm plantation,Smallholder agriculture,3.697223357,10.3797562,2019,my_examples_landsat_final/10.379756203722035_3.6972233567610377
Small-scale oil palm plantation,Smallholder agriculture,3.973464621,9.990727765,2019,my_examples_landsat_final/9.990727765294_3.9734646208671554
Small-scale oil palm plantation,Smallholder agriculture,3.919560022,11.32554946,2019,my_examples_landsat_final/11.32554946347258_3.9195600217778654
Small-scale oil palm plantation,Smallholder agriculture,4.151653674,9.950596963,2019,my_examples_landsat_final/9.95059696332794_4.151653673728632
Small-scale oil palm plantation,Smallholder agriculture,4.106144517,10.61405964,2019,my_examples_landsat_final/10.614059635098453_4.1061445172616295
Small-scale oil palm plantation,Smallholder agriculture,3.624161848,10.62755269,2019,my_examples_landsat_final/10.627552691051276_3.6241618481488818
Small-scale oil palm plantation,Smallholder agriculture,4.097540377,9.865705201,2019,my_examples_landsat_final/9.865705200644411_4.097540376708444
Small-scale oil palm plantation,Smallholder agriculture,3.677792379,10.67841314,2019,my_examples_landsat_final/10.678413140001442_3.6777923789506315
Small-scale oil palm plantation,Smallholder agriculture,3.858432539,9.874696147,2019,my_examples_landsat_final/9.874696146639062_3.8584325389615404
Small-scale oil palm plantation,Smallholder agriculture,3.648511067,11.16759449,2019,my_examples_landsat_final/11.167594490086167_3.6485110670016283
Small-scale oil palm plantation,Smallholder agriculture,3.68870635,10.81573205,2019,my_examples_landsat_final/10.815732052068897_3.688706350227677
Small-scale oil palm plantation,Smallholder agriculture,3.748964775,10.80479417,2019,my_examples_landsat_final/10.804794170026751_3.7489647745350365
Small-scale oil palm plantation,Smallholder agriculture,4.190131755,9.572875,2019,my_examples_landsat_final/9.572875_4.190131755098
Small-scale oil palm plantation,Smallholder agriculture,3.791625,11.038125,2019,my_examples_landsat_final/11.038124999999999_3.791625
Small-scale oil palm plantation,Smallholder agriculture,4.297644399,9.659643397,2019,my_examples_landsat_final/9.659643396679366_4.297644399141518
Small-scale oil palm plantation,Smallholder agriculture,4.224959117,9.611790879,2019,my_examples_landsat_final/9.611790879044063_4.224959117286424
Small-scale oil palm plantation,Smallholder agriculture,4.158783869,9.571391371,2019,my_examples_landsat_final/9.571391371231366_4.158783869403788
Small-scale oil palm plantation,Smallholder agriculture,3.594952627,11.27429917,2019,my_examples_landsat_final/11.274299168790932_3.594952627483526
Small-scale oil palm plantation,Smallholder agriculture,3.756322907,10.654,2019,my_examples_landsat_final/10.654_3.75632290734508
Small-scale oil palm plantation,Smallholder agriculture,4.138215305,10.02903163,2019,my_examples_landsat_final/10.029031625420707_4.138215304890121
Small-scale oil palm plantation,Smallholder agriculture,4.208939319,9.613932771,2019,my_examples_landsat_final/9.613932771088342_4.208939318948444
Small-scale oil palm plantation,Smallholder agriculture,3.255970244,11.87997664,2019,my_examples_landsat_final/11.879976642249058_3.255970243516136
Small-scale oil palm plantation,Smallholder agriculture,4.634277769,9.114838883,2019,my_examples_landsat_final/9.114838883336228_4.634277769477096
Small-scale oil palm plantation,Smallholder agriculture,4.155041215,9.564093613,2019,my_examples_landsat_final/9.564093613246515_4.155041215427271
Small-scale oil palm plantation,Smallholder agriculture,3.170460346,12.10473112,2019,my_examples_landsat_final/12.10473111958028_3.1704603464660464
Small-scale oil palm plantation,Smallholder agriculture,3.649023457,11.53171144,2019,my_examples_landsat_final/11.531711442288655_3.6490234567412396
Small-scale oil palm plantation,Smallholder agriculture,3.645521738,11.16714797,2019,my_examples_landsat_final/11.16714797366858_3.64552173826965
Small-scale oil palm plantation,Smallholder agriculture,4.349416406,9.551756568,2019,my_examples_landsat_final/9.551756567607423_4.349416406011697
Small-scale oil palm plantation,Smallholder agriculture,3.590147239,11.08147916,2019,my_examples_landsat_final/11.081479158733838_3.5901472388613866
Small-scale oil palm plantation,Smallholder agriculture,4.192514399,9.635764419,2019,my_examples_landsat_final/9.635764418926945_4.192514399128886
Small-scale oil palm plantation,Smallholder agriculture,3.89988224,10.55351526,2019,my_examples_landsat_final/10.553515263108268_3.899882240055178
Small-scale oil palm plantation,Smallholder agriculture,5.03605787,9.918490813,2019,my_examples_landsat_final/9.918490813205306_5.036057869728766
Small-scale oil palm plantation,Smallholder agriculture,3.62586871,10.7008111,2019,my_examples_landsat_final/10.70081109671415_3.6258687102202414
Small-scale oil palm plantation,Smallholder agriculture,3.9429781,11.13782934,2019,my_examples_landsat_final/11.137829340556879_3.942978099735724
Small-scale oil palm plantation,Smallholder agriculture,3.989290436,11.65783334,2019,my_examples_landsat_final/11.657833338413008_3.9892904359322534
Small-scale oil palm plantation,Smallholder agriculture,3.144916326,12.10290439,2019,my_examples_landsat_final/12.10290439162812_3.144916326270133
Small-scale oil palm plantation,Smallholder agriculture,3.968125561,10.23762065,2019,my_examples_landsat_final/10.237620654911247_3.9681255611340847
Small-scale oil palm plantation,Smallholder agriculture,3.770609007,11.1256354,2019,my_examples_landsat_final/11.12563540329087_3.7706090068257803
Small-scale oil palm plantation,Smallholder agriculture,3.645125,11.540125,2019,my_examples_landsat_final/11.540124999999998_3.645125
Small-scale oil palm plantation,Smallholder agriculture,3.683086745,11.1760177,2019,my_examples_landsat_final/11.176017696438024_3.683086744825485
Small-scale oil palm plantation,Smallholder agriculture,3.489501475,10.50503814,2019,my_examples_landsat_final/10.50503813551772_3.489501474955454
Small-scale oil palm plantation,Smallholder agriculture,3.977524603,9.908947203,2019,my_examples_landsat_final/9.908947202610182_3.977524602571235
Small-scale oil palm plantation,Smallholder agriculture,3.885300595,9.880535362,2019,my_examples_landsat_final/9.880535361991722_3.8853005951959747
Small-scale oil palm plantation,Smallholder agriculture,3.595881424,10.88587147,2019,my_examples_landsat_final/10.885871470958078_3.5958814236160657
Small-scale oil palm plantation,Smallholder agriculture,3.8015,11.040375,2019,my_examples_landsat_final/11.040375000000001_3.8014999999999994
Small-scale oil palm plantation,Smallholder agriculture,3.675227137,10.37734216,2019,my_examples_landsat_final/10.377342159561957_3.675227137460132
Small-scale oil palm plantation,Smallholder agriculture,3.752647752,10.26619964,2019,my_examples_landsat_final/10.266199636409883_3.752647752334414
Small-scale oil palm plantation,Smallholder agriculture,4.293974403,9.686991458,2019,my_examples_landsat_final/9.686991458127103_4.293974403088497
Small-scale oil palm plantation,Smallholder agriculture,3.684155785,10.68330045,2019,my_examples_landsat_final/10.683300450580033_3.684155784639555
Small-scale oil palm plantation,Smallholder agriculture,3.859724674,9.892294482,2019,my_examples_landsat_final/9.892294482489135_3.859724674441107
Small-scale oil palm plantation,Smallholder agriculture,3.736849319,10.73934755,2019,my_examples_landsat_final/10.739347545408908_3.7368493187268936
Small-scale oil palm plantation,Smallholder agriculture,3.656363395,11.19387009,2019,my_examples_landsat_final/11.193870085267042_3.6563633949577827
Small-scale oil palm plantation,Smallholder agriculture,3.964932515,9.904313634,2019,my_examples_landsat_final/9.90431363365533_3.964932515320599
Small-scale oil palm plantation,Smallholder agriculture,3.609693634,10.22982158,2019,my_examples_landsat_final/10.22982157805879_3.6096936343555748
Small-scale oil palm plantation,Smallholder agriculture,3.968549251,10.23784018,2019,my_examples_landsat_final/10.237840181144271_3.968549251420156
Small-scale oil palm plantation,Smallholder agriculture,4.236003675,8.985923185,2019,my_examples_landsat_final/8.985923184517917_4.236003674519896
Small-scale oil palm plantation,Smallholder agriculture,3.637417061,10.72027708,2019,my_examples_landsat_final/10.720277081433508_3.637417061310504
Small-scale oil palm plantation,Smallholder agriculture,4.635041667,9.115208333,2019,my_examples_landsat_final/9.115208333333333_4.635041666666667
Small-scale oil palm plantation,Smallholder agriculture,3.791027583,10.21252005,2019,my_examples_landsat_final/10.21252005104342_3.7910275830949076
Small-scale oil palm plantation,Smallholder agriculture,5.814189905,9.780002038,2019,my_examples_landsat_final/9.780002037769354_5.81418990517537
Small-scale oil palm plantation,Smallholder agriculture,3.683140302,10.11034236,2019,my_examples_landsat_final/10.11034235552591_3.6831403015711826
Small-scale oil palm plantation,Smallholder agriculture,3.886111931,10.8769756,2019,my_examples_landsat_final/10.876975600904734_3.886111931078797
Small-scale oil palm plantation,Smallholder agriculture,4.234749853,9.529822328,2019,my_examples_landsat_final/9.52982232825183_4.2347498525044545
Small-scale oil palm plantation,Smallholder agriculture,3.123859163,12.12305449,2019,my_examples_landsat_final/12.123054489549144_3.1238591629303056
Small-scale oil palm plantation,Smallholder agriculture,4.125904457,9.472252152,2019,my_examples_landsat_final/9.472252152071908_4.125904457346155
Small-scale oil palm plantation,Smallholder agriculture,3.913156164,10.71703839,2019,my_examples_landsat_final/10.717038392892498_3.9131561641259154
Small-scale oil palm plantation,Smallholder agriculture,3.765958988,10.27526964,2019,my_examples_landsat_final/10.275269636210652_3.7659589883191447
Small-scale oil palm plantation,Smallholder agriculture,4.172238415,9.393761097,2019,my_examples_landsat_final/9.393761096812513_4.172238415165314
Small-scale oil palm plantation,Smallholder agriculture,3.702533561,10.38628503,2019,my_examples_landsat_final/10.386285025242527_3.7025335606810534
Small-scale oil palm plantation,Smallholder agriculture,4.275875,9.571625,2019,my_examples_landsat_final/9.571625000000001_4.275874999999999
Small-scale oil palm plantation,Smallholder agriculture,4.224289613,9.651025115,2019,my_examples_landsat_final/9.651025114828746_4.22428961294793
Small-scale oil palm plantation,Smallholder agriculture,3.735341707,10.67984944,2019,my_examples_landsat_final/10.679849440876247_3.7353417073171418
Small-scale oil palm plantation,Smallholder agriculture,4.195133975,9.816272909,2019,my_examples_landsat_final/9.81627290939994_4.195133975465634
Small-scale oil palm plantation,Smallholder agriculture,3.97497819,10.01857144,2019,my_examples_landsat_final/10.01857144327856_3.9749781904573354
Small-scale oil palm plantation,Smallholder agriculture,4.309850715,9.586779715,2019,my_examples_landsat_final/9.586779715341233_4.309850714950707
Small-scale oil palm plantation,Smallholder agriculture,3.967759922,9.931978118,2019,my_examples_landsat_final/9.931978117699465_3.967759921797663
Small-scale oil palm plantation,Smallholder agriculture,3.776355126,10.70735723,2019,my_examples_landsat_final/10.707357231508697_3.7763551263528994
Small-scale oil palm plantation,Smallholder agriculture,3.969013744,10.2374501,2019,my_examples_landsat_final/10.2374500989903_3.969013743813106
Small-scale oil palm plantation,Smallholder agriculture,3.699297865,10.74236623,2019,my_examples_landsat_final/10.742366229163192_3.699297865113077
Small-scale oil palm plantation,Smallholder agriculture,3.718967994,10.787875,2019,my_examples_landsat_final/10.787875000000001_3.7189679944565435
Small-scale oil palm plantation,Smallholder agriculture,4.226967173,11.53629707,2019,my_examples_landsat_final/11.536297066917442_4.226967172837062
Small-scale oil palm plantation,Smallholder agriculture,5.037623814,9.915956143,2019,my_examples_landsat_final/9.915956142729874_5.037623814279465
Small-scale oil palm plantation,Smallholder agriculture,3.692038153,10.72278798,2019,my_examples_landsat_final/10.722787976143337_3.6920381528410218
Small-scale oil palm plantation,Smallholder agriculture,3.658875,10.63373194,2019,my_examples_landsat_final/10.633731935755296_3.6588749999999988
Small-scale oil palm plantation,Smallholder agriculture,4.239979972,9.67558206,2019,my_examples_landsat_final/9.67558205998812_4.2399799722827165
Small-scale oil palm plantation,Smallholder agriculture,3.867549479,9.882161844,2019,my_examples_landsat_final/9.8821618437849_3.867549478793001
Small-scale oil palm plantation,Smallholder agriculture,4.269167458,9.568542357,2019,my_examples_landsat_final/9.568542356959018_4.269167457929123
Small-scale oil palm plantation,Smallholder agriculture,3.681488082,11.59980258,2019,my_examples_landsat_final/11.599802578697288_3.681488081568007
Oil palm plantation,Plantation,2.954875,10.033375,2020,my_examples_landsat_final/10.033375000000001_2.954875
Rubber plantation,Plantation,2.899625,12.562875,2020,my_examples_landsat_final/12.562875_2.8996250000000003
Fruit plantation,Plantation,4.63575,9.643791667,2020,my_examples_landsat_final/9.643791666666665_4.63575
Timber plantation,Plantation,1.768875,16.00325,2020,my_examples_landsat_final/16.00325_1.7688750000000006
Timber plantation,Plantation,1.768375,16.006375,2020,my_examples_landsat_final/16.006375_1.768375
Timber plantation,Plantation,1.799355769,15.89108654,2020,my_examples_landsat_final/15.89108653846154_1.7993557692307693
Timber plantation,Plantation,1.837125,15.865625,2020,my_examples_landsat_final/15.865625000000001_1.8371250000000001
Timber plantation,Plantation,1.767803571,16.00258929,2020,my_examples_landsat_final/16.002589285714286_1.7678035714285718
Timber plantation,Plantation,1.769720588,15.99442647,2020,my_examples_landsat_final/15.994426470588245_1.769720588235294
Timber plantation,Plantation,1.793875,15.914625,2020,my_examples_landsat_final/15.914625_1.7938749999999999
Timber plantation,Plantation,1.769125,16.007125,2020,my_examples_landsat_final/16.007125000000002_1.7691249999999996
Timber plantation,Plantation,1.768025,16.00109167,2020,my_examples_landsat_final/16.00109166666667_1.768025
Timber plantation,Plantation,1.769375,16.006625,2020,my_examples_landsat_final/16.006625_1.7693749999999993
Timber plantation,Plantation,1.768875,15.995125,2020,my_examples_landsat_final/15.995125000000002_1.7688750000000004
Timber plantation,Plantation,1.768125,16.006125,2020,my_examples_landsat_final/16.006125_1.7681250000000002
Timber plantation,Plantation,1.7726875,15.9864375,2020,my_examples_landsat_final/15.986437500000001_1.7726875
Timber plantation,Plantation,2.079,15.77875,2020,my_examples_landsat_final/15.778750000000002_2.0789999999999997
Timber plantation,Plantation,1.769375,16.004125,2020,my_examples_landsat_final/16.004125000000002_1.7693749999999993
Timber plantation,Plantation,1.844375,15.84480357,2020,my_examples_landsat_final/15.84480357142857_1.8443749999999997
Timber plantation,Plantation,1.808425,15.893525,2020,my_examples_landsat_final/15.893525000000002_1.8084249999999997
Timber plantation,Plantation,1.79725,15.890875,2020,my_examples_landsat_final/15.890875_1.7972499999999998
Timber plantation,Plantation,1.809125,15.892375,2020,my_examples_landsat_final/15.892375000000001_1.8091249999999999
Timber plantation,Plantation,1.853625,15.851525,2020,my_examples_landsat_final/15.851524999999999_1.8536249999999992
Timber plantation,Plantation,1.7721,15.987475,2020,my_examples_landsat_final/15.987475000000002_1.7720999999999998
Timber plantation,Plantation,2.031375,15.831375,2020,my_examples_landsat_final/15.831374999999998_2.0313749999999993
Timber plantation,Plantation,1.849291667,15.85170833,2020,my_examples_landsat_final/15.851708333333331_1.8492916666666666
Timber plantation,Plantation,1.798208333,15.89379167,2020,my_examples_landsat_final/15.893791666666667_1.7982083333333334
Timber plantation,Plantation,1.77175,15.985625,2020,my_examples_landsat_final/15.985625000000002_1.77175
Timber plantation,Plantation,1.767375,16.006375,2020,my_examples_landsat_final/16.006375_1.7673750000000004
Timber plantation,Plantation,1.7706875,15.98725,2020,my_examples_landsat_final/15.987249999999998_1.7706874999999995
Timber plantation,Plantation,1.790625,15.913125,2020,my_examples_landsat_final/15.913124999999999_1.7906249999999995
Timber plantation,Plantation,1.770916667,15.98616667,2020,my_examples_landsat_final/15.986166666666668_1.7709166666666671
Timber plantation,Plantation,1.767759379,16.00758052,2020,my_examples_landsat_final/16.007580516143744_1.7677593790050032
Timber plantation,Plantation,1.772125,15.986125,2020,my_examples_landsat_final/15.986125000000001_1.772125
Timber plantation,Plantation,1.766875,16.001375,2020,my_examples_landsat_final/16.001375000000003_1.766875
Timber plantation,Plantation,2.080375,15.780875,2020,my_examples_landsat_final/15.780874999999998_2.0803749999999996
Timber plantation,Plantation,1.85375,15.84575,2020,my_examples_landsat_final/15.84575_1.8537499999999998
Timber plantation,Plantation,2.075625,15.779625,2020,my_examples_landsat_final/15.779624999999998_2.075625
Timber plantation,Plantation,2.108041667,16.01020833,2020,my_examples_landsat_final/16.01020833333333_2.1080416666666664
Timber plantation,Plantation,1.768375,15.994875,2020,my_examples_landsat_final/15.994874999999999_1.7683749999999998
Timber plantation,Plantation,1.842075,15.838525,2020,my_examples_landsat_final/15.838525000000004_1.8420749999999997
Timber plantation,Plantation,1.771,15.98870833,2020,my_examples_landsat_final/15.988708333333337_1.7710000000000001
Timber plantation,Plantation,1.849875,15.8515,2020,my_examples_landsat_final/15.851499999999998_1.849875
Timber plantation,Plantation,1.790902778,15.91420833,2020,my_examples_landsat_final/15.914208333333335_1.7909027777777775
Timber plantation,Plantation,1.7853375,15.9345125,2020,my_examples_landsat_final/15.9345125_1.7853374999999994
Timber plantation,Plantation,1.830125,15.8691875,2020,my_examples_landsat_final/15.869187500000002_1.8301250000000004
Timber plantation,Plantation,1.809291667,15.89354167,2020,my_examples_landsat_final/15.893541666666668_1.809291666666666
Timber plantation,Plantation,1.79965,15.8934,2020,my_examples_landsat_final/15.893399999999998_1.7996499999999997
Timber plantation,Plantation,1.77034375,15.99771875,2020,my_examples_landsat_final/15.99771875_1.77034375
Timber plantation,Plantation,1.839125,15.83925,2020,my_examples_landsat_final/15.839250000000002_1.8391250000000003
Timber plantation,Plantation,1.791958333,15.88279167,2020,my_examples_landsat_final/15.88279166666667_1.7919583333333335
Timber plantation,Plantation,1.971779942,16.04676651,2020,my_examples_landsat_final/16.046766508023165_1.9717799424170148
Timber plantation,Plantation,2.107625,16.010375,2020,my_examples_landsat_final/16.010375_2.107625
Timber plantation,Plantation,1.767958884,16.00500291,2020,my_examples_landsat_final/16.00500291153449_1.7679588838366664
Timber plantation,Plantation,2.079875,15.78125,2020,my_examples_landsat_final/15.781249999999998_2.0798749999999995
Timber plantation,Plantation,1.771625,15.986125,2020,my_examples_landsat_final/15.986125000000001_1.7716249999999993
Timber plantation,Plantation,1.84,15.839,2020,my_examples_landsat_final/15.839_1.8399999999999996
Timber plantation,Plantation,1.829125,15.869125,2020,my_examples_landsat_final/15.869125_1.8291250000000003
Timber plantation,Plantation,1.8395,15.83975,2020,my_examples_landsat_final/15.839750000000002_1.8395000000000001
Oil palm plantation,Plantation,4.427375,9.488625,2020,my_examples_landsat_final/9.488624999999999_4.4273750000000005
Oil palm plantation,Plantation,2.97375,10.032125,2020,my_examples_landsat_final/10.032125_2.97375
Oil palm plantation,Plantation,4.704875,8.9895,2020,my_examples_landsat_final/8.989499999999998_4.704874999999999
Rubber plantation,Plantation,4.590375,9.455125,2020,my_examples_landsat_final/9.455124999999999_4.590375
Rubber plantation,Plantation,4.402291667,9.160416667,2020,my_examples_landsat_final/9.160416666666666_4.402291666666666
Rubber plantation,Plantation,4.497375,9.338125,2020,my_examples_landsat_final/9.338125000000002_4.497375
Small-scale maize plantation,Smallholder agriculture,7.807355971,12.50059516,2020,my_examples_landsat_final/12.500595161339833_7.807355970993413
Small-scale maize plantation,Smallholder agriculture,7.705774187,14.59463159,2020,my_examples_landsat_final/14.59463158957682_7.705774186626452
Small-scale maize plantation,Smallholder agriculture,7.416105334,12.42415889,2020,my_examples_landsat_final/12.424158892394578_7.4161053335341895
Small-scale maize plantation,Smallholder agriculture,7.684582468,13.46507314,2020,my_examples_landsat_final/13.465073142131946_7.6845824680472266
Small-scale maize plantation,Smallholder agriculture,7.802643989,13.53085602,2020,my_examples_landsat_final/13.530856015340389_7.802643989096194
Small-scale maize plantation,Smallholder agriculture,7.389518726,13.76318863,2020,my_examples_landsat_final/13.763188627457847_7.389518725916528
Small-scale maize plantation,Smallholder agriculture,7.833982445,14.76205834,2020,my_examples_landsat_final/14.762058341906597_7.8339824452237785
Small-scale maize plantation,Smallholder agriculture,7.719190859,14.71960004,2020,my_examples_landsat_final/14.719600038213436_7.719190858626341
Small-scale maize plantation,Smallholder agriculture,7.494609264,13.2456113,2020,my_examples_landsat_final/13.245611301413353_7.49460926371322
Small-scale maize plantation,Smallholder agriculture,7.549866426,14.41812033,2020,my_examples_landsat_final/14.418120333703055_7.549866425781083
Small-scale maize plantation,Smallholder agriculture,7.69823254,14.45922522,2020,my_examples_landsat_final/14.45922522024719_7.6982325400839775
Small-scale maize plantation,Smallholder agriculture,7.732605057,13.57045126,2020,my_examples_landsat_final/13.570451262903678_7.73260505708541
Small-scale maize plantation,Smallholder agriculture,7.414762399,13.00813414,2020,my_examples_landsat_final/13.008134137132313_7.414762399118406
Small-scale maize plantation,Smallholder agriculture,7.760482497,13.57243417,2020,my_examples_landsat_final/13.57243417328724_7.76048249658455
Small-scale maize plantation,Smallholder agriculture,7.70133913,13.82578571,2020,my_examples_landsat_final/13.825785708783402_7.70133913005042
Small-scale maize plantation,Smallholder agriculture,7.574895808,13.86043739,2020,my_examples_landsat_final/13.860437388421136_7.574895808071317
Small-scale maize plantation,Smallholder agriculture,7.694936772,13.47223145,2020,my_examples_landsat_final/13.472231453762616_7.69493677189101
Small-scale maize plantation,Smallholder agriculture,7.436615418,13.76910808,2020,my_examples_landsat_final/13.769108082489433_7.436615417820277
Small-scale maize plantation,Smallholder agriculture,7.428607729,12.83472636,2020,my_examples_landsat_final/12.834726355425046_7.428607728581503
Small-scale maize plantation,Smallholder agriculture,7.643982578,14.54801682,2020,my_examples_landsat_final/14.548016824838369_7.6439825779931185
Small-scale maize plantation,Smallholder agriculture,7.636755556,14.43605893,2020,my_examples_landsat_final/14.436058932070132_7.636755556060783
Small-scale maize plantation,Smallholder agriculture,7.734194061,13.96252703,2020,my_examples_landsat_final/13.962527029347505_7.734194061099274
Small-scale maize plantation,Smallholder agriculture,7.45437535,13.88418471,2020,my_examples_landsat_final/13.884184705213647_7.4543753497959715
Small-scale maize plantation,Smallholder agriculture,7.710732531,13.51397588,2020,my_examples_landsat_final/13.513975880774655_7.710732531349155
Small-scale maize plantation,Smallholder agriculture,7.726159496,14.74214166,2020,my_examples_landsat_final/14.742141657915582_7.72615949597196
Small-scale maize plantation,Smallholder agriculture,7.713149196,13.51026755,2020,my_examples_landsat_final/13.510267550003537_7.713149196385319
Small-scale maize plantation,Smallholder agriculture,7.726336463,14.74803485,2020,my_examples_landsat_final/14.748034851942979_7.726336462757827
Small-scale maize plantation,Smallholder agriculture,7.704285965,13.52479637,2020,my_examples_landsat_final/13.524796368301192_7.704285964646443
Small-scale maize plantation,Smallholder agriculture,7.744010445,13.81747978,2020,my_examples_landsat_final/13.817479779899756_7.744010445460539
Small-scale maize plantation,Smallholder agriculture,7.867440755,12.50282817,2020,my_examples_landsat_final/12.5028281746693_7.867440755206013
Small-scale maize plantation,Smallholder agriculture,7.366107772,13.28430937,2020,my_examples_landsat_final/13.284309374537607_7.366107772080931
Small-scale maize plantation,Smallholder agriculture,7.681719038,14.23544279,2020,my_examples_landsat_final/14.235442793263921_7.681719038051052
Small-scale maize plantation,Smallholder agriculture,7.802311578,14.74411382,2020,my_examples_landsat_final/14.74411381545501_7.80231157820392
Small-scale maize plantation,Smallholder agriculture,7.617801904,14.45207866,2020,my_examples_landsat_final/14.452078664710209_7.617801903880417
Small-scale maize plantation,Smallholder agriculture,7.699014866,14.4601074,2020,my_examples_landsat_final/14.460107401632316_7.6990148658822735
Small-scale maize plantation,Smallholder agriculture,7.65325681,13.6031183,2020,my_examples_landsat_final/13.603118303599144_7.653256809667131
Small-scale maize plantation,Smallholder agriculture,7.690852862,14.00583093,2020,my_examples_landsat_final/14.005830930944887_7.690852861797377
Small-scale maize plantation,Smallholder agriculture,7.810975583,14.52517892,2020,my_examples_landsat_final/14.525178922809744_7.810975582559311
Small-scale maize plantation,Smallholder agriculture,7.701842792,14.46279597,2020,my_examples_landsat_final/14.46279596648605_7.701842792214857
Small-scale maize plantation,Smallholder agriculture,7.566310379,13.72050098,2020,my_examples_landsat_final/13.720500981989165_7.566310379006997
Small-scale maize plantation,Smallholder agriculture,7.832382948,14.48843452,2020,my_examples_landsat_final/14.488434520053271_7.832382947642366
Small-scale maize plantation,Smallholder agriculture,7.356375,12.99068458,2020,my_examples_landsat_final/12.990684579805995_7.356375000000001
Small-scale maize plantation,Smallholder agriculture,7.768628934,12.53488732,2020,my_examples_landsat_final/12.53488731957224_7.768628933837424
Small-scale maize plantation,Smallholder agriculture,7.694450374,12.21512024,2020,my_examples_landsat_final/12.215120243429077_7.694450374331889
Small-scale maize plantation,Smallholder agriculture,7.646163485,13.9455095,2020,my_examples_landsat_final/13.94550950209729_7.6461634852666664
Small-scale maize plantation,Smallholder agriculture,7.367357771,13.45035093,2020,my_examples_landsat_final/13.450350925147566_7.367357771207447
Small-scale maize plantation,Smallholder agriculture,7.378193567,12.94936321,2020,my_examples_landsat_final/12.949363214799298_7.378193566617205
Small-scale maize plantation,Smallholder agriculture,7.439420455,13.37673864,2020,my_examples_landsat_final/13.376738636616876_7.439420454684265
Small-scale maize plantation,Smallholder agriculture,7.69485851,14.59367552,2020,my_examples_landsat_final/14.593675520108446_7.694858509549653
Small-scale maize plantation,Smallholder agriculture,7.382382188,13.05778573,2020,my_examples_landsat_final/13.057785732408407_7.382382188234447
Small-scale maize plantation,Smallholder agriculture,7.667991003,14.3036471,2020,my_examples_landsat_final/14.303647099303335_7.667991002912711
Small-scale maize plantation,Smallholder agriculture,7.401423367,12.79580238,2020,my_examples_landsat_final/12.795802378170395_7.401423367120591
Small-scale maize plantation,Smallholder agriculture,7.808875,14.632375,2020,my_examples_landsat_final/14.632375_7.8088750000000005
Small-scale maize plantation,Smallholder agriculture,7.695327955,14.59289171,2020,my_examples_landsat_final/14.592891714237762_7.695327955093659
Small-scale maize plantation,Smallholder agriculture,7.448170693,13.76918807,2020,my_examples_landsat_final/13.769188072160706_7.448170693371366
Small-scale maize plantation,Smallholder agriculture,7.640432008,14.4002779,2020,my_examples_landsat_final/14.400277896586953_7.6404320076182595
Small-scale maize plantation,Smallholder agriculture,7.378316097,12.79418472,2020,my_examples_landsat_final/12.794184717117444_7.378316096912368
Small-scale maize plantation,Smallholder agriculture,7.426828898,13.31518059,2020,my_examples_landsat_final/13.315180594156054_7.426828897899525
Small-scale maize plantation,Smallholder agriculture,7.551046887,14.41790351,2020,my_examples_landsat_final/14.417903513163935_7.551046887004166
Small-scale maize plantation,Smallholder agriculture,7.722506713,14.75401668,2020,my_examples_landsat_final/14.754016680888451_7.722506712885269
Small-scale maize plantation,Smallholder agriculture,7.700140263,14.46110978,2020,my_examples_landsat_final/14.461109777019981_7.700140263098364
Small-scale maize plantation,Smallholder agriculture,7.732125,13.57018417,2020,my_examples_landsat_final/13.570184174859511_7.732125
Small-scale maize plantation,Smallholder agriculture,7.803933557,13.53061116,2020,my_examples_landsat_final/13.530611161976541_7.803933556632353
Small-scale maize plantation,Smallholder agriculture,7.719288814,14.52262793,2020,my_examples_landsat_final/14.52262792776977_7.7192888135600235
Small-scale maize plantation,Smallholder agriculture,7.395816085,12.93805962,2020,my_examples_landsat_final/12.938059616666958_7.395816084683613
Small-scale maize plantation,Smallholder agriculture,7.70319577,14.44855491,2020,my_examples_landsat_final/14.448554906149745_7.703195770032967
Small-scale maize plantation,Smallholder agriculture,7.409751942,12.55108332,2020,my_examples_landsat_final/12.551083315562508_7.409751941649859
Small-scale maize plantation,Smallholder agriculture,7.691857544,14.32580865,2020,my_examples_landsat_final/14.325808646751987_7.69185754445139
Small-scale maize plantation,Smallholder agriculture,7.455587572,13.88333279,2020,my_examples_landsat_final/13.883332792041053_7.45558757195833
Small-scale maize plantation,Smallholder agriculture,7.715965055,13.52051754,2020,my_examples_landsat_final/13.52051754284098_7.715965055361054
Small-scale maize plantation,Smallholder agriculture,7.693147475,14.5943718,2020,my_examples_landsat_final/14.59437179612606_7.693147475476709
Small-scale maize plantation,Smallholder agriculture,7.626197417,14.55641663,2020,my_examples_landsat_final/14.55641662692754_7.6261974170502596
Small-scale maize plantation,Smallholder agriculture,7.702693775,14.49191064,2020,my_examples_landsat_final/14.491910635102476_7.7026937747687825
Small-scale maize plantation,Smallholder agriculture,7.778034413,14.75260281,2020,my_examples_landsat_final/14.752602808220653_7.7780344130589825
Small-scale maize plantation,Smallholder agriculture,7.809087763,14.63257813,2020,my_examples_landsat_final/14.632578132259354_7.809087762658759
Small-scale maize plantation,Smallholder agriculture,7.80858232,14.63305203,2020,my_examples_landsat_final/14.633052025379824_7.808582319782414
Small-scale maize plantation,Smallholder agriculture,7.431622759,13.72675789,2020,my_examples_landsat_final/13.726757891989378_7.431622758641526
Small-scale maize plantation,Smallholder agriculture,7.669875,14.535625,2020,my_examples_landsat_final/14.535625_7.669875
Small-scale maize plantation,Smallholder agriculture,7.697861963,13.46572614,2020,my_examples_landsat_final/13.465726137124047_7.697861962933103
Small-scale maize plantation,Smallholder agriculture,7.800676582,14.7444803,2020,my_examples_landsat_final/14.744480301938003_7.800676581596446
Small-scale maize plantation,Smallholder agriculture,7.72039622,14.52712143,2020,my_examples_landsat_final/14.527121427963065_7.7203962197586
Small-scale maize plantation,Smallholder agriculture,7.718093021,14.02214831,2020,my_examples_landsat_final/14.02214830964144_7.718093020579933
Small-scale maize plantation,Smallholder agriculture,7.759145551,14.75688058,2020,my_examples_landsat_final/14.756880580019924_7.759145550568674
Small-scale maize plantation,Smallholder agriculture,7.666387373,14.30284987,2020,my_examples_landsat_final/14.302849874002572_7.6663873731598
Small-scale maize plantation,Smallholder agriculture,7.71681586,14.34001697,2020,my_examples_landsat_final/14.340016970185856_7.716815860373307
Small-scale maize plantation,Smallholder agriculture,7.731651263,14.73057383,2020,my_examples_landsat_final/14.730573830432999_7.731651262790954
Small-scale maize plantation,Smallholder agriculture,7.511891759,13.90256302,2020,my_examples_landsat_final/13.902563018716467_7.511891758526535
Small-scale maize plantation,Smallholder agriculture,7.417378811,12.44737115,2020,my_examples_landsat_final/12.447371149543285_7.417378811466382
Small-scale maize plantation,Smallholder agriculture,7.392061318,13.72008947,2020,my_examples_landsat_final/13.720089472154529_7.392061317849758
Small-scale maize plantation,Smallholder agriculture,7.62678725,14.41075616,2020,my_examples_landsat_final/14.410756156819723_7.626787249583515
Small-scale maize plantation,Smallholder agriculture,7.698065873,14.43282548,2020,my_examples_landsat_final/14.432825477355342_7.698065873475545
Small-scale maize plantation,Smallholder agriculture,7.638725,14.369675,2020,my_examples_landsat_final/14.369675_7.638725
Small-scale maize plantation,Smallholder agriculture,7.828241875,14.75169408,2020,my_examples_landsat_final/14.75169408156714_7.828241875343428
Small-scale maize plantation,Smallholder agriculture,7.694639611,14.42075344,2020,my_examples_landsat_final/14.420753438916798_7.6946396113078785
Small-scale maize plantation,Smallholder agriculture,7.701079606,14.45994495,2020,my_examples_landsat_final/14.459944950820105_7.70107960570985
Small-scale maize plantation,Smallholder agriculture,7.467149086,13.49781824,2020,my_examples_landsat_final/13.497818237643353_7.4671490855589004
Small-scale maize plantation,Smallholder agriculture,7.425042328,13.7236087,2020,my_examples_landsat_final/13.723608697429347_7.425042328215465
Small-scale maize plantation,Smallholder agriculture,7.628482589,14.55222516,2020,my_examples_landsat_final/14.552225155260093_7.6284825888243
Small-scale maize plantation,Smallholder agriculture,7.692899211,13.46539258,2020,my_examples_landsat_final/13.46539258144891_7.692899210535734
Small-scale maize plantation,Smallholder agriculture,7.860372939,14.67162708,2020,my_examples_landsat_final/14.671627077200382_7.860372938815981
Small-scale maize plantation,Smallholder agriculture,7.809992707,14.73036235,2020,my_examples_landsat_final/14.730362349965606_7.809992707188961
Small-scale maize plantation,Smallholder agriculture,7.752423338,13.55901752,2020,my_examples_landsat_final/13.559017515937722_7.752423337741242
Small-scale maize plantation,Smallholder agriculture,7.374581738,12.99875807,2020,my_examples_landsat_final/12.998758067180278_7.374581738479535
Small-scale maize plantation,Smallholder agriculture,7.835881554,12.52869126,2020,my_examples_landsat_final/12.528691257579796_7.835881554435545
Small-scale maize plantation,Smallholder agriculture,7.734368345,14.70880682,2020,my_examples_landsat_final/14.708806815159429_7.7343683447856835
Small-scale maize plantation,Smallholder agriculture,7.463784913,12.87036142,2020,my_examples_landsat_final/12.87036142255518_7.4637849126338995
Small-scale maize plantation,Smallholder agriculture,7.39986277,13.03092897,2020,my_examples_landsat_final/13.03092897447351_7.399862770019991
Small-scale maize plantation,Smallholder agriculture,7.490215371,13.78361805,2020,my_examples_landsat_final/13.783618051337395_7.490215370862932
Small-scale maize plantation,Smallholder agriculture,7.415941071,13.59747582,2020,my_examples_landsat_final/13.597475822426025_7.415941070707893
Small-scale maize plantation,Smallholder agriculture,7.670372833,14.53575767,2020,my_examples_landsat_final/14.535757668048321_7.670372833008405
Small-scale maize plantation,Smallholder agriculture,7.481681974,13.07569384,2020,my_examples_landsat_final/13.075693840565371_7.481681973742874
Small-scale maize plantation,Smallholder agriculture,7.63961794,14.11346481,2020,my_examples_landsat_final/14.113464812574374_7.639617939839572
Small-scale maize plantation,Smallholder agriculture,7.760349077,13.5452762,2020,my_examples_landsat_final/13.545276199880163_7.760349076947829
Small-scale maize plantation,Smallholder agriculture,7.703286531,13.50692774,2020,my_examples_landsat_final/13.50692773892687_7.703286531225505
Small-scale maize plantation,Smallholder agriculture,7.679482553,13.48851757,2020,my_examples_landsat_final/13.488517565202136_7.679482553186215
Small-scale maize plantation,Smallholder agriculture,7.42133211,13.77131422,2020,my_examples_landsat_final/13.771314221674032_7.4213321096148075
Small-scale maize plantation,Smallholder agriculture,7.388673846,13.01847623,2020,my_examples_landsat_final/13.018476227023118_7.388673846108056
Small-scale maize plantation,Smallholder agriculture,7.676132758,14.24927382,2020,my_examples_landsat_final/14.249273817450339_7.676132757603491
Small-scale maize plantation,Smallholder agriculture,7.398383654,13.60142552,2020,my_examples_landsat_final/13.601425518337859_7.3983836536350545
Small-scale maize plantation,Smallholder agriculture,7.759603101,13.55338766,2020,my_examples_landsat_final/13.55338765799016_7.759603100975268
Small-scale maize plantation,Smallholder agriculture,7.570215259,13.85640962,2020,my_examples_landsat_final/13.856409616272467_7.570215259057172
Small-scale maize plantation,Smallholder agriculture,7.784024147,13.74865977,2020,my_examples_landsat_final/13.74865976686085_7.784024146771513
Small-scale maize plantation,Smallholder agriculture,7.725690854,14.74772502,2020,my_examples_landsat_final/14.74772501864743_7.725690854258928
Small-scale maize plantation,Smallholder agriculture,7.719274192,14.4929752,2020,my_examples_landsat_final/14.492975196663162_7.719274192017908
Small-scale maize plantation,Smallholder agriculture,7.720125,14.524375,2020,my_examples_landsat_final/14.524375000000001_7.7201249999999995
Small-scale maize plantation,Smallholder agriculture,7.713628394,14.50136686,2020,my_examples_landsat_final/14.50136686443208_7.713628393575355
Small-scale maize plantation,Smallholder agriculture,7.375375,13.002375,2020,my_examples_landsat_final/13.002375_7.375375
Small-scale maize plantation,Smallholder agriculture,7.732585641,13.86055545,2020,my_examples_landsat_final/13.860555451253084_7.732585641443888
Small-scale maize plantation,Smallholder agriculture,7.437045324,13.316133,2020,my_examples_landsat_final/13.316133004023735_7.4370453244146955
Small-scale maize plantation,Smallholder agriculture,7.81681579,13.75718404,2020,my_examples_landsat_final/13.757184044186527_7.816815790494706
Small-scale maize plantation,Smallholder agriculture,7.698065873,13.47218424,2020,my_examples_landsat_final/13.47218424316584_7.698065873475544
Small-scale maize plantation,Smallholder agriculture,7.72920482,13.94545342,2020,my_examples_landsat_final/13.945453424889038_7.729204819643361
Small-scale maize plantation,Smallholder agriculture,7.857875,12.380625,2020,my_examples_landsat_final/12.380624999999997_7.857875
Small-scale maize plantation,Smallholder agriculture,7.727146393,14.74973205,2020,my_examples_landsat_final/14.749732045975124_7.727146393368321
Small-scale maize plantation,Smallholder agriculture,7.649340148,14.16747542,2020,my_examples_landsat_final/14.167475424118004_7.6493401484742884
Small-scale maize plantation,Smallholder agriculture,7.627131887,14.41011331,2020,my_examples_landsat_final/14.410113312939751_7.627131886828009
Small-scale maize plantation,Smallholder agriculture,7.698516871,14.32752363,2020,my_examples_landsat_final/14.327523632487427_7.698516870536854
Small-scale maize plantation,Smallholder agriculture,7.377166727,12.94682569,2020,my_examples_landsat_final/12.94682568938614_7.377166727379035
Small-scale maize plantation,Smallholder agriculture,7.731125,14.73075,2020,my_examples_landsat_final/14.730749999999999_7.731124999999999
Small-scale maize plantation,Smallholder agriculture,7.429151339,12.73578938,2020,my_examples_landsat_final/12.735789376612225_7.429151339166113
Small-scale maize plantation,Smallholder agriculture,7.490609505,13.78411891,2020,my_examples_landsat_final/13.784118908550326_7.490609504852576
Small-scale maize plantation,Smallholder agriculture,7.7045,14.445875,2020,my_examples_landsat_final/14.445875000000001_7.7045
Small-scale maize plantation,Smallholder agriculture,7.613121781,13.99408051,2020,my_examples_landsat_final/13.994080505169217_7.613121781199769
Small-scale maize plantation,Smallholder agriculture,7.832673226,13.54101753,2020,my_examples_landsat_final/13.54101752851587_7.832673225586088
Small-scale maize plantation,Smallholder agriculture,7.617045565,14.13287335,2020,my_examples_landsat_final/14.13287335235857_7.617045564549174
Small-scale maize plantation,Smallholder agriculture,7.610246223,13.70214723,2020,my_examples_landsat_final/13.702147229840728_7.6102462231616
Small-scale maize plantation,Smallholder agriculture,7.752815235,13.9580589,2020,my_examples_landsat_final/13.958058901607808_7.752815235281486
Small-scale maize plantation,Smallholder agriculture,7.677878452,14.30870525,2020,my_examples_landsat_final/14.308705249848872_7.677878452006671
Small-scale maize plantation,Smallholder agriculture,7.630875,14.5645,2020,my_examples_landsat_final/14.564500000000004_7.630875000000002
Small-scale maize plantation,Smallholder agriculture,7.823555451,13.5334032,2020,my_examples_landsat_final/13.533403195180844_7.823555450672661
Small-scale maize plantation,Smallholder agriculture,7.647395392,14.53371256,2020,my_examples_landsat_final/14.533712562675658_7.647395392136151
Small-scale maize plantation,Smallholder agriculture,7.800375,13.51222588,2020,my_examples_landsat_final/13.512225881997532_7.800374999999999
Small-scale maize plantation,Smallholder agriculture,7.717329572,14.33899096,2020,my_examples_landsat_final/14.33899095994056_7.717329572038906
Small-scale maize plantation,Smallholder agriculture,7.503356513,13.7664116,2020,my_examples_landsat_final/13.766411604626121_7.503356513164693
Small-scale maize plantation,Smallholder agriculture,7.69834008,13.47518424,2020,my_examples_landsat_final/13.475184241244179_7.69834007999326
Small-scale maize plantation,Smallholder agriculture,7.733625,13.945375,2020,my_examples_landsat_final/13.945375_7.733624999999999
Small-scale maize plantation,Smallholder agriculture,7.634048503,13.83257632,2020,my_examples_landsat_final/13.832576316247936_7.6340485031788266
Small-scale maize plantation,Smallholder agriculture,7.675113786,14.24163404,2020,my_examples_landsat_final/14.241634037796192_7.675113785942785
Small-scale maize plantation,Smallholder agriculture,7.420946429,13.77073214,2020,my_examples_landsat_final/13.770732142857142_7.420946428571429
Small-scale maize plantation,Smallholder agriculture,7.726911434,13.83013927,2020,my_examples_landsat_final/13.830139271959757_7.726911433527406
Small-scale maize plantation,Smallholder agriculture,7.639912516,14.37088189,2020,my_examples_landsat_final/14.370881894788793_7.639912516279701
Small-scale maize plantation,Smallholder agriculture,7.718774192,14.75886669,2020,my_examples_landsat_final/14.758866688355303_7.7187741923673014
Small-scale maize plantation,Smallholder agriculture,7.412258802,12.79858715,2020,my_examples_landsat_final/12.798587149909425_7.4122588016884
Small-scale maize plantation,Smallholder agriculture,7.794932538,13.7508218,2020,my_examples_landsat_final/13.750821800876285_7.79493253759075
Small-scale maize plantation,Smallholder agriculture,7.691193684,14.14110886,2020,my_examples_landsat_final/14.141108858004998_7.6911936835444115
Small-scale maize plantation,Smallholder agriculture,7.509673569,13.54927221,2020,my_examples_landsat_final/13.549272208581192_7.509673569141241
Small-scale maize plantation,Smallholder agriculture,7.500090357,13.9140762,2020,my_examples_landsat_final/13.914076202345816_7.500090357061908
Small-scale maize plantation,Smallholder agriculture,7.814452644,12.51757213,2020,my_examples_landsat_final/12.517572131730457_7.814452644223921
Small-scale maize plantation,Smallholder agriculture,7.690548424,14.6928347,2020,my_examples_landsat_final/14.692834702102532_7.690548424216009
Small-scale maize plantation,Smallholder agriculture,7.82789696,12.44980712,2020,my_examples_landsat_final/12.449807122222532_7.827896959601506
Small-scale maize plantation,Smallholder agriculture,7.715097003,13.52043624,2020,my_examples_landsat_final/13.520436241008953_7.715097002546208
Small-scale maize plantation,Smallholder agriculture,7.816845419,12.51689344,2020,my_examples_landsat_final/12.516893438837213_7.8168454185595
Small-scale maize plantation,Smallholder agriculture,7.798369561,14.61909258,2020,my_examples_landsat_final/14.61909257598618_7.798369561185578
Small-scale maize plantation,Smallholder agriculture,7.714383153,14.72360384,2020,my_examples_landsat_final/14.723603836125253_7.714383153170434
Small-scale maize plantation,Smallholder agriculture,7.706629297,14.33970338,2020,my_examples_landsat_final/14.33970337711027_7.706629297246599
Small-scale maize plantation,Smallholder agriculture,7.630628997,14.4314787,2020,my_examples_landsat_final/14.43147869791704_7.630628997109899
Small-scale maize plantation,Smallholder agriculture,7.824979283,12.51717102,2020,my_examples_landsat_final/12.517171023398399_7.824979283248671
Small-scale maize plantation,Smallholder agriculture,7.763256656,14.61711689,2020,my_examples_landsat_final/14.617116886461135_7.763256655934211
Small-scale maize plantation,Smallholder agriculture,7.729625,13.94675,2020,my_examples_landsat_final/13.94675_7.729625
Small-scale maize plantation,Smallholder agriculture,7.4330625,13.7283125,2020,my_examples_landsat_final/13.728312500000001_7.4330625
Small-scale maize plantation,Smallholder agriculture,7.71189351,14.52212956,2020,my_examples_landsat_final/14.522129558180463_7.711893509556302
Small-scale maize plantation,Smallholder agriculture,7.7033872,13.48443179,2020,my_examples_landsat_final/13.484431789923526_7.7033871997552055
Small-scale maize plantation,Smallholder agriculture,7.696090083,13.47151758,2020,my_examples_landsat_final/13.471517577081494_7.696090083137797
Small-scale maize plantation,Smallholder agriculture,7.693607543,13.47605924,2020,my_examples_landsat_final/13.476059240545391_7.693607543228516
Small-scale maize plantation,Smallholder agriculture,7.765232493,13.72295147,2020,my_examples_landsat_final/13.722951469456763_7.765232493265318
Small-scale maize plantation,Smallholder agriculture,7.506046798,12.92104545,2020,my_examples_landsat_final/12.921045452892955_7.506046797623661
Small-scale maize plantation,Smallholder agriculture,7.717774193,14.02660052,2020,my_examples_landsat_final/14.026600522472132_7.717774193066085
Small-scale maize plantation,Smallholder agriculture,7.710865536,14.52209416,2020,my_examples_landsat_final/14.5220941608505_7.710865535638917
Small-scale maize plantation,Smallholder agriculture,7.800206301,13.51239051,2020,my_examples_landsat_final/13.512390514221273_7.80020630113526
Small-scale maize plantation,Smallholder agriculture,7.571134962,14.06164372,2020,my_examples_landsat_final/14.061643718226245_7.571134962314152
Small-scale maize plantation,Smallholder agriculture,7.714899195,13.51247588,2020,my_examples_landsat_final/13.512475881822834_7.714899195162443
Small-scale maize plantation,Smallholder agriculture,7.865081911,12.50845807,2020,my_examples_landsat_final/12.508458067803813_7.865081910553214
Small-scale maize plantation,Smallholder agriculture,7.651939351,13.73945343,2020,my_examples_landsat_final/13.739453430521039_7.651939351190916
Small-scale maize plantation,Smallholder agriculture,7.770690092,14.45698807,2020,my_examples_landsat_final/14.456988068100339_7.770690092472908
Small-scale maize plantation,Smallholder agriculture,7.400353536,13.03060754,2020,my_examples_landsat_final/13.030607536892559_7.400353535867019
Small-scale maize plantation,Smallholder agriculture,7.623440926,14.519875,2020,my_examples_landsat_final/14.519874999999999_7.623440925709797
Small-scale maize plantation,Smallholder agriculture,7.716423388,13.50822588,2020,my_examples_landsat_final/13.508225884792672_7.716423388053834
Small-scale maize plantation,Smallholder agriculture,7.682919641,14.36884589,2020,my_examples_landsat_final/14.368845892787336_7.682919640544518
Small-scale maize plantation,Smallholder agriculture,7.566650355,13.74231685,2020,my_examples_landsat_final/13.742316848650491_7.566650355072436
Small-scale maize plantation,Smallholder agriculture,7.753774168,13.55186838,2020,my_examples_landsat_final/13.551868375224709_7.75377416790979
Small-scale maize plantation,Smallholder agriculture,7.61734999,14.5581597,2020,my_examples_landsat_final/14.558159700471744_7.617349990332181
Small-scale maize plantation,Smallholder agriculture,7.702173408,13.47422591,2020,my_examples_landsat_final/13.4742259085514_7.702173407969235
Small-scale maize plantation,Smallholder agriculture,7.85713242,12.38003492,2020,my_examples_landsat_final/12.380034920333483_7.857132420440159
Small-scale maize plantation,Smallholder agriculture,7.69521901,13.47604645,2020,my_examples_landsat_final/13.476046450536368_7.69521900990502
Small-scale maize plantation,Smallholder agriculture,7.712847084,14.72218236,2020,my_examples_landsat_final/14.722182362164054_7.712847084104463
Small-scale maize plantation,Smallholder agriculture,7.692274211,14.28276701,2020,my_examples_landsat_final/14.282767010191353_7.692274210885128
Small-scale maize plantation,Smallholder agriculture,7.691065878,13.50524344,2020,my_examples_landsat_final/13.5052434403865_7.691065878367047
Small-scale maize plantation,Smallholder agriculture,7.708958041,13.51029196,2020,my_examples_landsat_final/13.51029195988302_7.7089580414968815
Small-scale maize plantation,Smallholder agriculture,7.732125,14.729875,2020,my_examples_landsat_final/14.729874999999998_7.732124999999999
Small-scale maize plantation,Smallholder agriculture,7.600429127,14.46312563,2020,my_examples_landsat_final/14.463125630250694_7.600429126907981
Small-scale maize plantation,Smallholder agriculture,7.682875,13.46176758,2020,my_examples_landsat_final/13.461767583894659_7.682874999999999
Small-scale maize plantation,Smallholder agriculture,7.442528148,13.87729095,2020,my_examples_landsat_final/13.877290948097453_7.442528148107706
Small-scale maize plantation,Smallholder agriculture,7.721339834,14.52544967,2020,my_examples_landsat_final/14.525449667980983_7.72133983441503
Small-scale maize plantation,Smallholder agriculture,7.74617916,14.75732696,2020,my_examples_landsat_final/14.75732696182501_7.746179160421429
Small-scale maize plantation,Smallholder agriculture,7.438090183,12.96340129,2020,my_examples_landsat_final/12.96340128548014_7.438090182704024
Small-scale maize plantation,Smallholder agriculture,7.702232537,14.4922252,2020,my_examples_landsat_final/14.492225197187253_7.702232537288835
Small-scale maize plantation,Smallholder agriculture,7.684895331,13.46604053,2020,my_examples_landsat_final/13.46604053460105_7.68489533142667
Small-scale maize plantation,Smallholder agriculture,7.720370677,14.52766026,2020,my_examples_landsat_final/14.527660258305557_7.720370677450603
Small-scale maize plantation,Smallholder agriculture,7.72173074,14.52640703,2020,my_examples_landsat_final/14.526407034965482_7.7217307397293045
Small-scale maize plantation,Smallholder agriculture,7.750897483,14.75278109,2020,my_examples_landsat_final/14.752781087123736_7.750897482825913
Small-scale maize plantation,Smallholder agriculture,7.715125,14.723375,2020,my_examples_landsat_final/14.723375_7.715125000000001
Small-scale maize plantation,Smallholder agriculture,7.676695364,14.31031935,2020,my_examples_landsat_final/14.310319347709893_7.6766953642202775
Small-scale maize plantation,Smallholder agriculture,7.860155592,14.67180795,2020,my_examples_landsat_final/14.671807949354735_7.860155592287491
Small-scale maize plantation,Smallholder agriculture,7.696548416,13.45816017,2020,my_examples_landsat_final/13.45816017285552_7.696548415830579
Small-scale maize plantation,Smallholder agriculture,7.773807325,14.75225604,2020,my_examples_landsat_final/14.752256037486575_7.773807324914246
Small-scale maize plantation,Smallholder agriculture,7.750145563,13.73681256,2020,my_examples_landsat_final/13.736812561195975_7.750145563146823
Small-scale maize plantation,Smallholder agriculture,7.430868883,13.76913146,2020,my_examples_landsat_final/13.76913146186362_7.430868883297957
Small-scale maize plantation,Smallholder agriculture,7.87597858,12.46127912,2020,my_examples_landsat_final/12.46127911550793_7.8759785798209245
Small-scale maize plantation,Smallholder agriculture,7.716298388,14.34076697,2020,my_examples_landsat_final/14.340766969661765_7.716298388228529
Small-scale maize plantation,Smallholder agriculture,7.683646283,13.46419661,2020,my_examples_landsat_final/13.464196611590877_7.683646282549182
Small-scale maize plantation,Smallholder agriculture,7.711607531,14.1108088,2020,my_examples_landsat_final/14.110808796990979_7.711607530650368
Small-scale maize plantation,Smallholder agriculture,7.733274182,13.55589252,2020,my_examples_landsat_final/13.555892518208775_7.733274182234904
Small-scale maize plantation,Smallholder agriculture,7.710965584,13.50724908,2020,my_examples_landsat_final/13.507249075012215_7.7109655842125555
Small-scale maize plantation,Smallholder agriculture,7.768419408,14.74353085,2020,my_examples_landsat_final/14.743530854457218_7.768419408183288
Small-scale maize plantation,Smallholder agriculture,7.725220899,14.71846247,2020,my_examples_landsat_final/14.71846246709049_7.7252208992803615
Small-scale maize plantation,Smallholder agriculture,7.683190884,13.462125,2020,my_examples_landsat_final/13.462125_7.683190883957334
Small-scale maize plantation,Smallholder agriculture,7.614041667,14.46379167,2020,my_examples_landsat_final/14.463791666666669_7.614041666666667
Small-scale maize plantation,Smallholder agriculture,7.67,14.536125,2020,my_examples_landsat_final/14.536124999999998_7.670000000000002
Small-scale maize plantation,Smallholder agriculture,7.52043471,13.82497134,2020,my_examples_landsat_final/13.824971339427796_7.52043470991996
Small-scale maize plantation,Smallholder agriculture,7.80592926,13.51338467,2020,my_examples_landsat_final/13.513384670775245_7.805929259636776
Small-scale maize plantation,Smallholder agriculture,7.732392191,13.57086801,2020,my_examples_landsat_final/13.570868009235658_7.732392190787275
Small-scale maize plantation,Smallholder agriculture,7.404816079,12.76060141,2020,my_examples_landsat_final/12.760601407135212_7.404816078569234
Small-scale maize plantation,Smallholder agriculture,7.708410531,14.52255904,2020,my_examples_landsat_final/14.522559042827954_7.708410530881956
Small-scale maize plantation,Smallholder agriculture,7.691149212,14.696125,2020,my_examples_landsat_final/14.696125_7.691149211758611
Small-scale maize plantation,Smallholder agriculture,7.730340035,13.95974281,2020,my_examples_landsat_final/13.959742805190027_7.730340035270958
Small-scale maize plantation,Smallholder agriculture,7.710458333,14.42879167,2020,my_examples_landsat_final/14.428791666666665_7.7104583333333325
Small-scale maize plantation,Smallholder agriculture,7.853170108,13.77567379,2020,my_examples_landsat_final/13.775673785954373_7.853170107630338
Small-scale maize plantation,Smallholder agriculture,7.73438789,13.86309844,2020,my_examples_landsat_final/13.86309843587867_7.734387889639641
Small-scale maize plantation,Smallholder agriculture,7.37575,13.002625,2020,my_examples_landsat_final/13.002625000000002_7.37575
Small-scale maize plantation,Smallholder agriculture,7.716982527,13.52172588,2020,my_examples_landsat_final/13.521725875359065_7.7169825269817425
Small-scale maize plantation,Smallholder agriculture,7.437874034,13.31370678,2020,my_examples_landsat_final/13.31370678146356_7.437874034255057
Small-scale maize plantation,Smallholder agriculture,7.718568029,14.52338063,2020,my_examples_landsat_final/14.523380631910092_7.718568028780803
Small-scale maize plantation,Smallholder agriculture,7.65493781,14.16711525,2020,my_examples_landsat_final/14.167115251080364_7.654937810156827
Small-scale maize plantation,Smallholder agriculture,7.756880534,13.55288484,2020,my_examples_landsat_final/13.552884841888185_7.756880534313341
Small-scale maize plantation,Smallholder agriculture,7.733565849,13.98676231,2020,my_examples_landsat_final/13.986762306909753_7.733565848668641
Small-scale maize plantation,Smallholder agriculture,7.685232549,14.41601692,2020,my_examples_landsat_final/14.416016917078117_7.685232549168196
Small-scale maize plantation,Smallholder agriculture,7.720179814,14.52485726,2020,my_examples_landsat_final/14.524857257763669_7.720179814043104
Small-scale maize plantation,Smallholder agriculture,7.411034163,13.47459035,2020,my_examples_landsat_final/13.474590345015802_7.411034162632245
Small-scale maize plantation,Smallholder agriculture,7.434658756,13.76563781,2020,my_examples_landsat_final/13.765637806493702_7.4346587564986635
Small-scale maize plantation,Smallholder agriculture,7.796539218,13.57869458,2020,my_examples_landsat_final/13.578694575788509_7.796539218071968
Small-scale maize plantation,Smallholder agriculture,7.674375,14.626625,2020,my_examples_landsat_final/14.626625_7.674375
Small-scale maize plantation,Smallholder agriculture,7.62867044,14.56356349,2020,my_examples_landsat_final/14.563563485561035_7.628670440318576
Small-scale maize plantation,Smallholder agriculture,7.690690879,14.69457511,2020,my_examples_landsat_final/14.69457511154087_7.690690878716438
Small-scale maize plantation,Smallholder agriculture,7.768829349,13.58520298,2020,my_examples_landsat_final/13.585202975466572_7.768829349454899
Small-scale maize plantation,Smallholder agriculture,7.697996776,14.68308041,2020,my_examples_landsat_final/14.683080406797275_7.697996775912807
Small-scale maize plantation,Smallholder agriculture,7.75994083,14.52618351,2020,my_examples_landsat_final/14.526183506820093_7.759940830325508
Small-scale maize plantation,Smallholder agriculture,7.38336323,13.69562601,2020,my_examples_landsat_final/13.69562600929197_7.383363230462648
Small-scale maize plantation,Smallholder agriculture,7.702232537,13.50999343,2020,my_examples_landsat_final/13.509993433748033_7.702232537288833
Small-scale maize plantation,Smallholder agriculture,7.815482458,12.51922658,2020,my_examples_landsat_final/12.519226575892027_7.815482458151319
Small-scale maize plantation,Smallholder agriculture,7.778418277,14.71651951,2020,my_examples_landsat_final/14.716519507086604_7.778418277394319
Small-scale maize plantation,Smallholder agriculture,7.752390605,12.22780726,2020,my_examples_landsat_final/12.227807258055831_7.752390604698443
Small-scale maize plantation,Smallholder agriculture,7.634415029,14.55534475,2020,my_examples_landsat_final/14.555344753056389_7.634415028623388
Small-scale maize plantation,Smallholder agriculture,7.698524916,14.32891624,2020,my_examples_landsat_final/14.328916243855558_7.698524915857598
Small-scale maize plantation,Smallholder agriculture,7.717470881,14.49522335,2020,my_examples_landsat_final/14.495223345096193_7.7174708812019555
Small-scale maize plantation,Smallholder agriculture,7.366941105,13.28376771,2020,my_examples_landsat_final/13.28376770827857_7.366941104948406
Small-scale maize plantation,Smallholder agriculture,7.776214971,14.75695002,2020,my_examples_landsat_final/14.756950024367313_7.776214971157342
Small-scale maize plantation,Smallholder agriculture,7.856414763,14.83291771,2020,my_examples_landsat_final/14.832917707750447_7.856414763311589
Small-scale maize plantation,Smallholder agriculture,7.598283338,13.93360982,2020,my_examples_landsat_final/13.933609818717308_7.598283337604461
Small-scale maize plantation,Smallholder agriculture,7.442158826,13.38289693,2020,my_examples_landsat_final/13.382896932399534_7.442158826084711
Small-scale maize plantation,Smallholder agriculture,7.829274115,14.75151668,2020,my_examples_landsat_final/14.751516682635415_7.8292741151514464
Small-scale maize plantation,Smallholder agriculture,7.596784995,12.30399077,2020,my_examples_landsat_final/12.303990769432783_7.596784994563026
Small-scale maize plantation,Smallholder agriculture,7.400063798,13.03032347,2020,my_examples_landsat_final/13.030323468472448_7.400063798244258
Small-scale maize plantation,Smallholder agriculture,7.73446801,13.94492402,2020,my_examples_landsat_final/13.944924017488185_7.734468009959793
Small-scale maize plantation,Smallholder agriculture,7.382779144,13.05289058,2020,my_examples_landsat_final/13.052890584062993_7.382779144346759
Small-scale maize plantation,Smallholder agriculture,7.545024314,12.84924436,2020,my_examples_landsat_final/12.849244357193733_7.545024313781366
Small-scale maize plantation,Smallholder agriculture,7.675875,14.628375,2020,my_examples_landsat_final/14.628375000000002_7.675875
Small-scale maize plantation,Smallholder agriculture,7.673126136,14.6273321,2020,my_examples_landsat_final/14.627332099050305_7.67312613579877
Small-scale maize plantation,Smallholder agriculture,7.827336096,13.72269195,2020,my_examples_landsat_final/13.722691945051533_7.827336095722248
Small-scale maize plantation,Smallholder agriculture,7.63333473,14.5657069,2020,my_examples_landsat_final/14.56570690171645_7.6333347302115175
Small-scale maize plantation,Smallholder agriculture,7.55931597,13.707375,2020,my_examples_landsat_final/13.707374999999999_7.559315970432102
Small-scale maize plantation,Smallholder agriculture,7.762482495,13.5832675,2020,my_examples_landsat_final/13.58326749899216_7.762482495186977
Small-scale maize plantation,Smallholder agriculture,7.709982532,14.42901691,2020,my_examples_landsat_final/14.429016907993903_7.709982531873244
Small-scale maize plantation,Smallholder agriculture,7.873307191,13.77807972,2020,my_examples_landsat_final/13.778079716300415_7.873307191117364
Small-scale maize plantation,Smallholder agriculture,7.6186811,13.9101709,2020,my_examples_landsat_final/13.910170904773457_7.6186811004134825
Small-scale maize plantation,Smallholder agriculture,7.841979469,13.67472649,2020,my_examples_landsat_final/13.674726486456004_7.841979469038238
Small-scale maize plantation,Smallholder agriculture,7.66621693,14.60027388,2020,my_examples_landsat_final/14.600273881155802_7.6662169301985905
Small-scale maize plantation,Smallholder agriculture,7.710613533,14.11165445,2020,my_examples_landsat_final/14.111654448604888_7.710613533121054
Small-scale maize plantation,Smallholder agriculture,7.713991025,14.50112274,2020,my_examples_landsat_final/14.501122740994058_7.7139910245100465
Small-scale maize plantation,Smallholder agriculture,7.835638267,14.76137976,2020,my_examples_landsat_final/14.76137975602132_7.835638266802842
Small-scale maize plantation,Smallholder agriculture,7.525233179,12.90387523,2020,my_examples_landsat_final/12.903875233223996_7.525233179065813
Small-scale maize plantation,Smallholder agriculture,7.712125,14.522375,2020,my_examples_landsat_final/14.522375_7.7121249999999995
Small-scale maize plantation,Smallholder agriculture,7.699822343,14.3221023,2020,my_examples_landsat_final/14.322102302397733_7.699822342565561
Small-scale maize plantation,Smallholder agriculture,7.545625,13.02385122,2020,my_examples_landsat_final/13.023851223179799_7.545625000000001
Small-scale maize plantation,Smallholder agriculture,7.672564146,14.62547716,2020,my_examples_landsat_final/14.625477161239418_7.672564145608156
Small-scale maize plantation,Smallholder agriculture,7.686165793,12.208371,2020,my_examples_landsat_final/12.20837100374851_7.686165793382314
Small-scale maize plantation,Smallholder agriculture,7.623330731,14.56080251,2020,my_examples_landsat_final/14.56080250742623_7.623330730875464
Small-scale maize plantation,Smallholder agriculture,7.735590028,13.86329356,2020,my_examples_landsat_final/13.86329356072226_7.735590027933703
Small-scale maize plantation,Smallholder agriculture,7.72227419,14.52651684,2020,my_examples_landsat_final/14.526516839862264_7.722274189921548
Small-scale maize plantation,Smallholder agriculture,7.634358878,14.37596229,2020,my_examples_landsat_final/14.375962293769689_7.634358877823033
Small-scale maize plantation,Smallholder agriculture,7.425346087,13.65815406,2020,my_examples_landsat_final/13.658154058771194_7.425346087392883
Small-scale maize plantation,Smallholder agriculture,7.718732526,14.52276684,2020,my_examples_landsat_final/14.52276684265741_7.718732525758865
Small-scale maize plantation,Smallholder agriculture,7.702024204,14.48940873,2020,my_examples_landsat_final/14.48940873160939_7.702024204071965
Small-scale maize plantation,Smallholder agriculture,7.434125,13.769125,2020,my_examples_landsat_final/13.769124999999999_7.434125000000002
Small-scale maize plantation,Smallholder agriculture,7.685732549,12.20893513,2020,my_examples_landsat_final/12.208935126081952_7.685732548818804
Small-scale maize plantation,Smallholder agriculture,7.69823254,14.45955855,2020,my_examples_landsat_final/14.459558553289362_7.698232540083978
Small-scale maize plantation,Smallholder agriculture,7.813875,14.636875,2020,my_examples_landsat_final/14.636874999999998_7.813875
Small-scale maize plantation,Smallholder agriculture,7.690125,14.418125,2020,my_examples_landsat_final/14.418124999999998_7.690125
Small-scale maize plantation,Smallholder agriculture,7.720558062,14.52666327,2020,my_examples_landsat_final/14.526663268890404_7.7205580616151
Small-scale maize plantation,Smallholder agriculture,7.694715085,13.45295185,2020,my_examples_landsat_final/13.452951846801204_7.694715085059459
Small-scale maize plantation,Smallholder agriculture,7.845606389,14.66858365,2020,my_examples_landsat_final/14.66858364974777_7.845606388852844
Small-scale maize plantation,Smallholder agriculture,7.373434248,13.00149662,2020,my_examples_landsat_final/13.001496615851032_7.373434248216875
Small-scale maize plantation,Smallholder agriculture,7.429731688,12.73691551,2020,my_examples_landsat_final/12.73691551240878_7.4297316879790145
Small-scale maize plantation,Smallholder agriculture,7.549876977,14.41899558,2020,my_examples_landsat_final/14.41899557762715_7.549876976871207
Small-scale maize plantation,Smallholder agriculture,7.680006772,14.30915898,2020,my_examples_landsat_final/14.309158983521744_7.680006772282081
Small-scale maize plantation,Smallholder agriculture,7.729344774,13.9459803,2020,my_examples_landsat_final/13.945980297523098_7.729344773629042
Small-scale maize plantation,Smallholder agriculture,7.416863455,12.44822739,2020,my_examples_landsat_final/12.448227390921511_7.416863455448893
Small-scale maize plantation,Smallholder agriculture,7.638922315,14.00480981,2020,my_examples_landsat_final/14.004809812202165_7.638922314894153
Small-scale maize plantation,Smallholder agriculture,7.71248253,13.51272588,2020,my_examples_landsat_final/13.512725881648139_7.7124825301262785
Small-scale maize plantation,Smallholder agriculture,7.44840215,13.76374778,2020,my_examples_landsat_final/13.763747783385787_7.448402149502648
Small-scale maize plantation,Smallholder agriculture,7.791397951,14.71184084,2020,my_examples_landsat_final/14.711840843694917_7.7913979510446145
Small-scale maize plantation,Smallholder agriculture,7.758111772,13.57322677,2020,my_examples_landsat_final/13.573226768182801_7.758111772269022
Small-scale maize plantation,Smallholder agriculture,7.612460608,14.52950996,2020,my_examples_landsat_final/14.529509956521798_7.612460608093536
Small-scale maize plantation,Smallholder agriculture,7.667935759,14.30492853,2020,my_examples_landsat_final/14.304928525803216_7.667935758990542
Small-scale maize plantation,Smallholder agriculture,7.829863903,14.75062242,2020,my_examples_landsat_final/14.750622419758633_7.82986390291831
Small-scale maize plantation,Smallholder agriculture,7.738846251,12.21644526,2020,my_examples_landsat_final/12.216445255994325_7.738846250502315
Small-scale maize plantation,Smallholder agriculture,7.701049952,14.43369986,2020,my_examples_landsat_final/14.433699857563143_7.701049951724037
Small-scale maize plantation,Smallholder agriculture,7.857371763,12.37963933,2020,my_examples_landsat_final/12.379639329846123_7.8573717627363955
Small-scale maize plantation,Smallholder agriculture,7.875400593,13.68763459,2020,my_examples_landsat_final/13.687634589836454_7.875400592771101
Small-scale maize plantation,Smallholder agriculture,7.686554311,13.46238057,2020,my_examples_landsat_final/13.462380566863807_7.686554311220865
Small-scale maize plantation,Smallholder agriculture,7.710826614,13.50883853,2020,my_examples_landsat_final/13.508838532423255_7.7108266144427
Small-scale maize plantation,Smallholder agriculture,7.783923294,13.74876738,2020,my_examples_landsat_final/13.748767383343077_7.783923293717724
Small-scale maize plantation,Smallholder agriculture,7.481423716,13.07626785,2020,my_examples_landsat_final/13.076267853276663_7.4814237164832535
Small-scale maize plantation,Smallholder agriculture,7.448868335,13.76636484,2020,my_examples_landsat_final/13.766364837215441_7.448868334665861
Small-scale maize plantation,Smallholder agriculture,7.470415709,13.97628691,2020,my_examples_landsat_final/13.976286912656006_7.470415708954125
Small-scale maize plantation,Smallholder agriculture,7.734121911,14.70812213,2020,my_examples_landsat_final/14.708122126018363_7.734121911469154
Small-scale maize plantation,Smallholder agriculture,7.709875,13.509375,2020,my_examples_landsat_final/13.509375_7.709874999999999
Small-scale maize plantation,Smallholder agriculture,7.698463551,14.46015719,2020,my_examples_landsat_final/14.460157185847818_7.698463551169348
Small-scale maize plantation,Smallholder agriculture,7.759113242,13.57355726,2020,my_examples_landsat_final/13.573557257617063_7.759113241856145
Small-scale maize plantation,Smallholder agriculture,7.691625,14.282625,2020,my_examples_landsat_final/14.282625_7.691625000000001
Small-scale maize plantation,Smallholder agriculture,7.801558207,12.49701084,2020,my_examples_landsat_final/12.497010841909676_7.801558207210999
Small-scale maize plantation,Smallholder agriculture,7.778079115,14.75936238,2020,my_examples_landsat_final/14.759362375787642_7.77807911491078
Small-scale maize plantation,Smallholder agriculture,7.694939034,13.45540055,2020,my_examples_landsat_final/13.455400552137295_7.694939034399186
Small-scale maize plantation,Smallholder agriculture,7.764873291,13.5598688,2020,my_examples_landsat_final/13.559868802216114_7.76487329064685
Small-scale maize plantation,Smallholder agriculture,7.86408163,12.47190629,2020,my_examples_landsat_final/12.471906289327515_7.864081629701116
Small-scale maize plantation,Smallholder agriculture,7.481163054,13.07590088,2020,my_examples_landsat_final/13.075900875284397_7.481163053895673
Small-scale maize plantation,Smallholder agriculture,7.387740892,13.01937816,2020,my_examples_landsat_final/13.019378162369446_7.387740892403609
Small-scale maize plantation,Smallholder agriculture,7.71312198,14.52209878,2020,my_examples_landsat_final/14.522098783956816_7.7131219801195225
Small-scale maize plantation,Smallholder agriculture,7.81775658,12.51257816,2020,my_examples_landsat_final/12.51257816104297_7.817756579766536
Small-scale maize plantation,Smallholder agriculture,7.729241704,13.94736411,2020,my_examples_landsat_final/13.947364110938578_7.729241703701362
Small-scale maize plantation,Smallholder agriculture,7.700877706,14.4746279,2020,my_examples_landsat_final/14.474627902584862_7.700877705844569
Small-scale maize plantation,Smallholder agriculture,7.712859494,14.4998671,2020,my_examples_landsat_final/14.499867098446146_7.712859494348948
Small-scale maize plantation,Smallholder agriculture,7.718186786,14.52397489,2020,my_examples_landsat_final/14.523974887308048_7.7181867857995865
Small-scale maize plantation,Smallholder agriculture,7.691628048,14.69373211,2020,my_examples_landsat_final/14.693732111039836_7.691628047929845
Small-scale maize plantation,Smallholder agriculture,7.852922987,12.57355253,2020,my_examples_landsat_final/12.573552529667348_7.852922986834908
Small-scale maize plantation,Smallholder agriculture,7.693391332,13.47545566,2020,my_examples_landsat_final/13.475455664027253_7.693391331760201
Small-scale maize plantation,Smallholder agriculture,7.454372933,13.87580472,2020,my_examples_landsat_final/13.875804715158171_7.454372932720696
Small-scale maize plantation,Smallholder agriculture,7.718353922,14.51945758,2020,my_examples_landsat_final/14.519457576922168_7.7183539219288075
Small-scale maize plantation,Smallholder agriculture,7.379113298,12.9495082,2020,my_examples_landsat_final/12.949508195151456_7.379113297695641
Small-scale maize plantation,Smallholder agriculture,7.690641583,14.41983382,2020,my_examples_landsat_final/14.419833815894918_7.690641583308684
Small-scale maize plantation,Smallholder agriculture,7.375232766,13.0035179,2020,my_examples_landsat_final/13.003517904113343_7.375232765791856
Small-scale maize plantation,Smallholder agriculture,7.520871356,13.82610077,2020,my_examples_landsat_final/13.826100774990485_7.5208713555456255
Small-scale maize plantation,Smallholder agriculture,7.638107582,14.0052672,2020,my_examples_landsat_final/14.00526720410447_7.638107582011138
Small-scale maize plantation,Smallholder agriculture,7.682506769,14.36693362,2020,my_examples_landsat_final/14.366933618101761_7.6825067687881505
Small-scale maize plantation,Smallholder agriculture,7.79364914,14.62247511,2020,my_examples_landsat_final/14.622475106170377_7.793649140133047
Small-scale maize plantation,Smallholder agriculture,7.72134813,13.78014539,2020,my_examples_landsat_final/13.780145388413473_7.721348129844968
Small-scale maize plantation,Smallholder agriculture,7.797274407,14.69180839,2020,my_examples_landsat_final/14.691808390996313_7.797274406669971
Small-scale maize plantation,Smallholder agriculture,7.42444579,13.72471034,2020,my_examples_landsat_final/13.724710344876833_7.424445789926425
Small-scale maize plantation,Smallholder agriculture,7.378818594,12.96679388,2020,my_examples_landsat_final/12.96679387846156_7.378818594132249
Small-scale maize plantation,Smallholder agriculture,7.870939524,12.50555522,2020,my_examples_landsat_final/12.505555219512043_7.870939524197748
Small-scale maize plantation,Smallholder agriculture,7.685840097,14.69997505,2020,my_examples_landsat_final/14.69997505201446_7.68584009746291
Small-scale maize plantation,Smallholder agriculture,7.375679074,13.00317602,2020,my_examples_landsat_final/13.003176020941595_7.375679074421927
Wildfire,Other,7.384234851,12.27675089,2020,my_examples_landsat_final/12.276750889999999_7.384234851
Wildfire,Other,5.394466496,10.94185437,2020,my_examples_landsat_final/10.94185437_5.394466496
Wildfire,Other,5.205820287,11.52665762,2020,my_examples_landsat_final/11.526657619999998_5.205820287
Wildfire,Other,8.696673481,14.75520275,2020,my_examples_landsat_final/14.755202750000002_8.696673481
Wildfire,Other,7.62049177,15.51427917,2020,my_examples_landsat_final/15.51427917_7.62049177
Wildfire,Other,5.714266737,11.28051924,2020,my_examples_landsat_final/11.280519240000002_5.714266737
Wildfire,Other,5.945133765,11.67038807,2020,my_examples_landsat_final/11.670388069999998_5.945133765
Wildfire,Other,6.507479133,11.93359445,2020,my_examples_landsat_final/11.93359445_6.507479133000001
Wildfire,Other,8.719131363,13.8056835,2020,my_examples_landsat_final/13.805683499999999_8.719131362999999
Hunting,Other,4.888375,12.425375,2020,my_examples_landsat_final/12.425375_4.888375
Hunting,Other,3.514125,15.071375,2020,my_examples_landsat_final/15.071375_3.514125
Hunting,Other,3.008107143,15.11153571,2020,my_examples_landsat_final/15.111535714285711_3.008107142857143
Hunting,Other,8.624375,13.435125,2020,my_examples_landsat_final/13.435125_8.624375
Hunting,Other,3.524770833,14.93590625,2020,my_examples_landsat_final/14.935906249999993_3.5247708333333336
Hunting,Other,2.49840625,15.29809375,2020,my_examples_landsat_final/15.298093749999998_2.49840625
Hunting,Other,3.005425,14.763975,2020,my_examples_landsat_final/14.763974999999999_3.005425
Hunting,Other,3.478625,15.051125,2020,my_examples_landsat_final/15.051124999999999_3.4786249999999996
Hunting,Other,3.488125,14.888,2020,my_examples_landsat_final/14.887999999999998_3.488125
Hunting,Other,2.6802375,15.3173,2020,my_examples_landsat_final/15.317299999999998_2.6802375000000005
Hunting,Other,8.502125,13.672125,2020,my_examples_landsat_final/13.672125_8.502125
Hunting,Other,8.411375,12.975625,2020,my_examples_landsat_final/12.975624999999999_8.411374999999998
Hunting,Other,3.249053571,14.86610119,2020,my_examples_landsat_final/14.866101190476185_3.249053571428571
Hunting,Other,2.442475,15.483825,2020,my_examples_landsat_final/15.483825000000001_2.4424750000000004
Hunting,Other,5.272625,12.78375,2020,my_examples_landsat_final/12.78375_5.272625000000001
Hunting,Other,5.987125,12.398375,2020,my_examples_landsat_final/12.398375000000001_5.987125
Hunting,Other,5.083375,12.434375,2020,my_examples_landsat_final/12.434375_5.083375
Hunting,Other,2.169625,14.840375,2020,my_examples_landsat_final/14.840375_2.169625
Hunting,Other,2.773375,15.401125,2020,my_examples_landsat_final/15.401125_2.7733749999999997
Hunting,Other,3.029625,15.166625,2020,my_examples_landsat_final/15.166625_3.0296249999999993
Hunting,Other,2.472375,12.841375,2020,my_examples_landsat_final/12.841374999999998_2.472375
Hunting,Other,7.8728125,12.688625,2020,my_examples_landsat_final/12.688624999999996_7.8728124999999975
Hunting,Other,2.151875,15.6475,2020,my_examples_landsat_final/15.6475_2.151875
Rubber plantation,Plantation,3.240375,10.125125,2020,my_examples_landsat_final/10.125125_3.2403750000000002
Other large-scale plantations,Plantation,3.996920455,10.48967045,2020,my_examples_landsat_final/10.489670454545454_3.996920454545454
Rubber plantation,Plantation,3.0373125,9.9938125,2020,my_examples_landsat_final/9.993812500000002_3.0373124999999996
Other large-scale plantations,Plantation,3.788125,9.874375,2020,my_examples_landsat_final/9.874375_3.788125
Other large-scale plantations,Plantation,3.89025,9.83775,2020,my_examples_landsat_final/9.83775_3.8902499999999995
Rubber plantation,Plantation,4.307125,9.457625,2020,my_examples_landsat_final/9.457625_4.307124999999999
Fruit plantation,Plantation,4.727875,9.774125,2020,my_examples_landsat_final/9.774125_4.727875
Fruit plantation,Plantation,4.731125,9.652625,2020,my_examples_landsat_final/9.652625_4.7311250000000005
Other large-scale plantations,Plantation,4.106425,9.225775,2020,my_examples_landsat_final/9.225775_4.106425
Rubber plantation,Plantation,2.7275,9.989625,2020,my_examples_landsat_final/9.989625_2.7274999999999996
Fruit plantation,Plantation,4.721125,9.715375,2020,my_examples_landsat_final/9.715375000000002_4.721125
Other large-scale plantations,Plantation,4.09571875,9.225453125,2020,my_examples_landsat_final/9.225453125_4.0957187500000005
Rubber plantation,Plantation,4.010625,9.249625,2020,my_examples_landsat_final/9.249625000000002_4.010625
Rubber plantation,Plantation,3.468125,10.099625,2020,my_examples_landsat_final/10.099625000000001_3.4681250000000006
Other large-scale plantations,Plantation,3.65,10.051875,2020,my_examples_landsat_final/10.051874999999999_3.65
Other large-scale plantations,Plantation,6.083375,10.37682237,2020,my_examples_landsat_final/10.376822368421053_6.083374999999999
Other large-scale plantations,Plantation,3.857625,9.984875,2020,my_examples_landsat_final/9.984874999999999_3.857625
Rubber plantation,Plantation,3.976375,9.229,2020,my_examples_landsat_final/9.229_3.976375
Rubber plantation,Plantation,4.491625,8.983375,2020,my_examples_landsat_final/8.983374999999999_4.491625
Rubber plantation,Plantation,4.596125,12.226375,2020,my_examples_landsat_final/12.226375_4.596125
Fruit plantation,Plantation,3.48665625,10.08115625,2020,my_examples_landsat_final/10.08115625_3.48665625
Rubber plantation,Plantation,2.899375,12.562625,2020,my_examples_landsat_final/12.562625_2.899374999999999
Wildfire,Other,7.862175,12.389775,2020,my_examples_landsat_final/12.389775000029958_7.862174999610534
Wildfire,Other,9.281425,14.132075,2020,my_examples_landsat_final/14.132075_9.281425000000002
Wildfire,Other,7.862624999,12.389875,2020,my_examples_landsat_final/12.389874999251033_7.8626249992510315
Wildfire,Other,8.254375,14.646875,2020,my_examples_landsat_final/14.646875_8.254375
Wildfire,Other,8.755939516,14.81706317,2020,my_examples_landsat_final/14.817063171853366_8.755939515978605
Wildfire,Other,8.337375,13.55475,2020,my_examples_landsat_final/13.554750000000002_8.33737499960429
Wildfire,Other,8.377875,14.589625,2020,my_examples_landsat_final/14.589625000000003_8.377874999999998
Wildfire,Other,8.123125,13.891875,2020,my_examples_landsat_final/13.891875_8.123125
Wildfire,Other,8.454083333,14.386375,2020,my_examples_landsat_final/14.386375_8.45408333293241
Wildfire,Other,8.254208333,14.647125,2020,my_examples_landsat_final/14.647124999999999_8.254208332941346
Wildfire,Other,7.9075625,14.992375,2020,my_examples_landsat_final/14.992375000000003_7.907562499999999
Wildfire,Other,8.451541667,14.38629167,2020,my_examples_landsat_final/14.386291666666668_8.451541666666667
Wildfire,Other,9.286125,14.12925,2020,my_examples_landsat_final/14.129249999999999_9.286124999999998
Wildfire,Other,7.86225,12.38979167,2020,my_examples_landsat_final/12.389791666666664_7.862249999999999
Wildfire,Other,9.282321429,14.13330357,2020,my_examples_landsat_final/14.133303571428574_9.28232142857143
Wildfire,Other,8.136325,13.903975,2020,my_examples_landsat_final/13.903975_8.136325
Rubber plantation,Plantation,2.731875,9.997125,2020,my_examples_landsat_final/9.997125_2.731875
Oil palm plantation,Plantation,3.243345,10.136475,2020,my_examples_landsat_final/10.136475_3.243345000000001
Small-scale other plantation,Smallholder agriculture,5.874189335,10.1847204,2020,my_examples_landsat_final/10.184720398448476_5.8741893346727165
Small-scale other plantation,Smallholder agriculture,5.872277271,10.19574234,2020,my_examples_landsat_final/10.195742339447875_5.872277270946491
Small-scale other plantation,Smallholder agriculture,5.902367513,10.18532337,2020,my_examples_landsat_final/10.185323369733798_5.90236751330836
Small-scale other plantation,Smallholder agriculture,5.907625,10.177375,2020,my_examples_landsat_final/10.177375_5.907624999999999
Small-scale other plantation,Smallholder agriculture,5.341401622,10.75938761,2020,my_examples_landsat_final/10.759387607971458_5.341401621608157
Small-scale other plantation,Smallholder agriculture,5.622866694,10.11537871,2020,my_examples_landsat_final/10.115378706278966_5.6228666939015195
Small-scale other plantation,Smallholder agriculture,5.387235539,10.62553406,2020,my_examples_landsat_final/10.625534063803332_5.38723553917582
Small-scale other plantation,Smallholder agriculture,5.264953854,10.4015522,2020,my_examples_landsat_final/10.401552197529943_5.264953853720867
Small-scale other plantation,Smallholder agriculture,5.27824,10.7190266,2020,my_examples_landsat_final/10.719026602211805_5.27823999973084
Small-scale other plantation,Smallholder agriculture,5.409953857,10.68455222,2020,my_examples_landsat_final/10.684552215444215_5.409953857127856
Small-scale other plantation,Smallholder agriculture,6.252887977,10.74928408,2020,my_examples_landsat_final/10.749284080412066_6.252887977384017
Small-scale other plantation,Smallholder agriculture,5.870277271,10.194875,2020,my_examples_landsat_final/10.194875000000001_5.870277270678067
Small-scale other plantation,Smallholder agriculture,5.875527271,10.20774234,2020,my_examples_landsat_final/10.207742341058417_5.87552727138268
Small-scale other plantation,Smallholder agriculture,5.901224305,10.18536638,2020,my_examples_landsat_final/10.185366383388866_5.90122430493466
Small-scale other plantation,Smallholder agriculture,5.672813115,10.59413512,2020,my_examples_landsat_final/10.594135122116349_5.67281311464719
Small-scale other plantation,Smallholder agriculture,5.875027271,10.18778401,2020,my_examples_landsat_final/10.187784005052029_5.875027271315574
Small-scale other plantation,Smallholder agriculture,5.247777187,10.43665904,2020,my_examples_landsat_final/10.436659038470818_5.2477771871310965
Small-scale other plantation,Smallholder agriculture,5.320234067,10.43213264,2020,my_examples_landsat_final/10.43213264012224_5.320234067345238
Small-scale other plantation,Smallholder agriculture,5.873985605,10.18757567,2020,my_examples_landsat_final/10.187575671696326_5.873985604503511
Small-scale other plantation,Smallholder agriculture,5.187298366,10.40059172,2020,my_examples_landsat_final/10.40059172184771_5.187298365671822
Small-scale other plantation,Smallholder agriculture,5.727428441,10.44022152,2020,my_examples_landsat_final/10.440221520705483_5.727428440924915
Small-scale other plantation,Smallholder agriculture,5.874455609,10.18534089,2020,my_examples_landsat_final/10.185340888293048_5.874455609410129
Small-scale other plantation,Smallholder agriculture,5.875177022,10.19540982,2020,my_examples_landsat_final/10.19540982203513_5.875177021590804
Small-scale other plantation,Smallholder agriculture,5.862404357,10.1871559,2020,my_examples_landsat_final/10.187155902093131_5.862404357097034
Small-scale other plantation,Smallholder agriculture,5.216908533,10.91005779,2020,my_examples_landsat_final/10.91005778730383_5.216908532635678
Small-scale other plantation,Smallholder agriculture,5.60263985,10.0326325,2020,my_examples_landsat_final/10.032632495618689_5.602639849531036
Small-scale other plantation,Smallholder agriculture,5.303049743,10.60292606,2020,my_examples_landsat_final/10.602926061342542_5.303049743018163
Small-scale other plantation,Smallholder agriculture,5.900323058,10.1933143,2020,my_examples_landsat_final/10.193314298141008_5.900323058188778
Small-scale other plantation,Smallholder agriculture,6.081375364,10.51315485,2020,my_examples_landsat_final/10.513154849093082_6.081375364309351
Small-scale other plantation,Smallholder agriculture,5.874852733,10.18738539,2020,my_examples_landsat_final/10.187385390168824_5.874852733030243
Small-scale other plantation,Smallholder agriculture,5.592411467,10.02568237,2020,my_examples_landsat_final/10.02568236826734_5.592411467355677
Small-scale other plantation,Smallholder agriculture,6.018908001,10.39951043,2020,my_examples_landsat_final/10.39951043019341_6.018908000965499
Small-scale other plantation,Smallholder agriculture,5.90321207,10.19493219,2020,my_examples_landsat_final/10.194932192745435_5.903212070272501
Small-scale other plantation,Smallholder agriculture,5.378707858,10.81373512,2020,my_examples_landsat_final/10.813735116686935_5.378707858113467
Small-scale other plantation,Smallholder agriculture,5.392217217,10.62602796,2020,my_examples_landsat_final/10.626027956411024_5.392217217440006
Small-scale other plantation,Smallholder agriculture,5.902027275,10.18670067,2020,my_examples_landsat_final/10.186700671562114_5.902027274939299
Small-scale other plantation,Smallholder agriculture,5.627605597,10.05435264,2020,my_examples_landsat_final/10.054352635129172_5.627605597425339
Small-scale other plantation,Smallholder agriculture,5.623453876,10.65130219,2020,my_examples_landsat_final/10.65130219140108_5.623453875597585
Small-scale other plantation,Smallholder agriculture,5.729648069,10.64107004,2020,my_examples_landsat_final/10.641070037620247_5.729648069336932
Small-scale other plantation,Smallholder agriculture,5.262473542,10.87530059,2020,my_examples_landsat_final/10.875300586314703_5.262473542097407
Small-scale other plantation,Smallholder agriculture,5.903693942,10.192125,2020,my_examples_landsat_final/10.192125_5.903693941818468
Small-scale other plantation,Smallholder agriculture,5.187561977,10.40025534,2020,my_examples_landsat_final/10.400255340153556_5.187561976934308
Small-scale other plantation,Smallholder agriculture,6.056926093,10.36900779,2020,my_examples_landsat_final/10.369007787295057_6.056926093479837
Small-scale other plantation,Smallholder agriculture,5.337599645,10.77471699,2020,my_examples_landsat_final/10.774716987669569_5.337599645269782
Small-scale other plantation,Smallholder agriculture,5.878235605,10.18824234,2020,my_examples_landsat_final/10.188242338441283_5.878235605073912
Small-scale other plantation,Smallholder agriculture,5.287789284,10.59706585,2020,my_examples_landsat_final/10.597065849996834_5.287789284142292
Small-scale other plantation,Smallholder agriculture,6.074596263,10.5401931,2020,my_examples_landsat_final/10.540193104689964_6.074596262859589
Small-scale other plantation,Smallholder agriculture,5.268392022,10.87085781,2020,my_examples_landsat_final/10.870857806530063_5.268392022333584
Small-scale other plantation,Smallholder agriculture,6.03195005,10.40902503,2020,my_examples_landsat_final/10.409025025954703_6.031950049571341
Small-scale other plantation,Smallholder agriculture,5.301818278,10.61966535,2020,my_examples_landsat_final/10.619665348244439_5.301818277649708
Small-scale other plantation,Smallholder agriculture,5.902112977,10.18618216,2020,my_examples_landsat_final/10.186182157236237_5.902112976743371
Small-scale other plantation,Smallholder agriculture,5.576766523,10.7594616,2020,my_examples_landsat_final/10.759461604305038_5.576766523193497
Small-scale other plantation,Smallholder agriculture,5.89189211,10.18622925,2020,my_examples_landsat_final/10.186229245368123_5.891892109982199
Small-scale other plantation,Smallholder agriculture,5.860818936,10.17249234,2020,my_examples_landsat_final/10.172492336327444_5.860818936080904
Small-scale other plantation,Smallholder agriculture,5.357918524,10.77589437,2020,my_examples_landsat_final/10.775894371253624_5.357918524006539
Small-scale other plantation,Smallholder agriculture,5.28457996,10.68103285,2020,my_examples_landsat_final/10.68103284513548_5.284579960068739
Small-scale other plantation,Smallholder agriculture,5.779065714,10.38281474,2020,my_examples_landsat_final/10.38281473959657_5.7790657140394055
Small-scale other plantation,Smallholder agriculture,5.876625,10.18790901,2020,my_examples_landsat_final/10.18790900505203_5.876624999999999
Small-scale other plantation,Smallholder agriculture,5.900669473,10.18706524,2020,my_examples_landsat_final/10.187065239174075_5.900669473076496
Small-scale other plantation,Smallholder agriculture,5.877277272,10.18824234,2020,my_examples_landsat_final/10.188242338441285_5.877277271617551
Small-scale other plantation,Smallholder agriculture,5.859846205,10.22035969,2020,my_examples_landsat_final/10.220359685505688_5.859846205215533
Small-scale other plantation,Smallholder agriculture,5.89094394,10.17849234,2020,my_examples_landsat_final/10.178492337132715_5.890943940107265
Small-scale other plantation,Smallholder agriculture,5.629096143,10.09778399,2020,my_examples_landsat_final/10.097783992972948_5.629096143276696
Small-scale other plantation,Smallholder agriculture,5.290671256,10.87570791,2020,my_examples_landsat_final/10.87570791379627_5.290671256475914
Small-scale other plantation,Smallholder agriculture,5.635884462,10.06684407,2020,my_examples_landsat_final/10.0668440692552_5.635884462303766
Small-scale other plantation,Smallholder agriculture,5.303399969,10.60364885,2020,my_examples_landsat_final/10.603648851279912_5.303399968704135
Small-scale other plantation,Smallholder agriculture,5.859804539,10.18481275,2020,my_examples_landsat_final/10.184812752720863_5.859804538537684
Small-scale other plantation,Smallholder agriculture,6.23852732,10.72656815,2020,my_examples_landsat_final/10.726568154717487_6.238527320101636
Small-scale other plantation,Smallholder agriculture,5.681596157,10.70427648,2020,my_examples_landsat_final/10.704276482067204_5.681596157368956
Small-scale other plantation,Smallholder agriculture,5.59741867,10.58987852,2020,my_examples_landsat_final/10.589878522637017_5.597418670187535
Small-scale other plantation,Smallholder agriculture,6.059718261,10.36671361,2020,my_examples_landsat_final/10.366713609820751_6.059718261343522
Small-scale other plantation,Smallholder agriculture,5.306374097,10.59798652,2020,my_examples_landsat_final/10.597986523487263_5.306374096818124
Small-scale other plantation,Smallholder agriculture,5.249214612,10.86575881,2020,my_examples_landsat_final/10.865758813579559_5.2492146120368774
Small-scale other plantation,Smallholder agriculture,5.295416235,10.72978316,2020,my_examples_landsat_final/10.72978316252799_5.2954162349414515
Small-scale other plantation,Smallholder agriculture,5.466943883,10.83699243,2020,my_examples_landsat_final/10.836992425511319_5.466943883201376
Small-scale other plantation,Smallholder agriculture,5.217068255,10.90368394,2020,my_examples_landsat_final/10.903683943000347_5.2170682549007745
Small-scale other plantation,Smallholder agriculture,5.258985522,10.89407577,2020,my_examples_landsat_final/10.894075766517107_5.258985521963131
Small-scale other plantation,Smallholder agriculture,5.549786467,10.40821211,2020,my_examples_landsat_final/10.408212106054732_5.5497864671198265
Small-scale other plantation,Smallholder agriculture,6.080840075,10.34394926,2020,my_examples_landsat_final/10.3439492561896_6.0808400749770595
Small-scale other plantation,Smallholder agriculture,5.685429492,10.83319318,2020,my_examples_landsat_final/10.833193183338194_5.685429491731249
Small-scale other plantation,Smallholder agriculture,5.477235551,10.76449242,2020,my_examples_landsat_final/10.764492415780948_5.477235551254901
Small-scale other plantation,Smallholder agriculture,6.292068994,10.33924236,2020,my_examples_landsat_final/10.339242358707295_6.2920689939598295
Small-scale other plantation,Smallholder agriculture,5.350925733,10.8233276,2020,my_examples_landsat_final/10.823327604015835_5.350925733436256
Small-scale other plantation,Smallholder agriculture,5.648485574,10.08519298,2020,my_examples_landsat_final/10.085192982557047_5.6484855742387055
Small-scale other plantation,Smallholder agriculture,5.260735522,10.8965341,2020,my_examples_landsat_final/10.896534100174785_5.260735522198003
Small-scale other plantation,Smallholder agriculture,5.874655375,10.18660595,2020,my_examples_landsat_final/10.186605947396611_5.874655374662372
Small-scale other plantation,Smallholder agriculture,5.321556242,10.66062392,2020,my_examples_landsat_final/10.660623920757388_5.321556241896006
Small-scale other plantation,Smallholder agriculture,5.291057064,10.87528205,2020,my_examples_landsat_final/10.875282045432357_5.291057063577994
Small-scale other plantation,Smallholder agriculture,5.975125,10.14586733,2020,my_examples_landsat_final/10.145867332770829_5.975125
Small-scale other plantation,Smallholder agriculture,5.387763909,10.6197904,2020,my_examples_landsat_final/10.6197903991539_5.387763909454795
Small-scale other plantation,Smallholder agriculture,5.616703892,10.06905213,2020,my_examples_landsat_final/10.069052126845378_5.61670389247525
Small-scale other plantation,Smallholder agriculture,5.357422071,10.77623085,2020,my_examples_landsat_final/10.776230845417336_5.3574220709237155
Small-scale other plantation,Smallholder agriculture,5.24304031,10.91545871,2020,my_examples_landsat_final/10.915458710881074_5.243040309648901
Small-scale other plantation,Smallholder agriculture,5.840453907,10.18330212,2020,my_examples_landsat_final/10.183302118301617_5.8404539073333925
Small-scale other plantation,Smallholder agriculture,5.677055328,10.59380875,2020,my_examples_landsat_final/10.593808745671598_5.677055328422627
Small-scale other plantation,Smallholder agriculture,5.626703894,10.05455212,2020,my_examples_landsat_final/10.054552124269623_5.6267038937275276
Small-scale other plantation,Smallholder agriculture,5.877183718,10.20082848,2020,my_examples_landsat_final/10.200828475583913_5.877183717903433
Small-scale other plantation,Smallholder agriculture,5.716782005,10.64094636,2020,my_examples_landsat_final/10.640946364130388_5.716782004539051
Small-scale other plantation,Smallholder agriculture,5.45420717,10.8516136,2020,my_examples_landsat_final/10.85161359813146_5.454207169595705
Small-scale other plantation,Smallholder agriculture,5.551335694,10.63356006,2020,my_examples_landsat_final/10.63356006248743_5.5513356942479035
Small-scale other plantation,Smallholder agriculture,5.707917619,10.0791776,2020,my_examples_landsat_final/10.079177602013344_5.707917618953397
Small-scale other plantation,Smallholder agriculture,6.047752833,10.3548361,2020,my_examples_landsat_final/10.354836104628953_6.047752833172876
Small-scale other plantation,Smallholder agriculture,5.902546055,10.18345315,2020,my_examples_landsat_final/10.183453149856918_5.902546054557572
Small-scale other plantation,Smallholder agriculture,5.387318873,10.6252424,2020,my_examples_landsat_final/10.625242397091927_5.387318872531522
Small-scale other plantation,Smallholder agriculture,5.89959066,10.20226524,2020,my_examples_landsat_final/10.202265236204262_5.89959066032834
Small-scale other plantation,Smallholder agriculture,5.627436628,10.05126917,2020,my_examples_landsat_final/10.051269170691775_5.62743662755582
Small-scale other plantation,Smallholder agriculture,6.266320247,10.59409913,2020,my_examples_landsat_final/10.594099126514656_6.266320246873465
Small-scale other plantation,Smallholder agriculture,5.903860757,10.19232734,2020,my_examples_landsat_final/10.192327335128143_5.903860756872069
Small-scale other plantation,Smallholder agriculture,5.903091778,10.18492883,2020,my_examples_landsat_final/10.184928834901624_5.903091777749624
Small-scale other plantation,Smallholder agriculture,5.902635848,10.18516448,2020,my_examples_landsat_final/10.185164480382666_5.902635847911655
Small-scale other plantation,Smallholder agriculture,5.321179394,10.78245075,2020,my_examples_landsat_final/10.782450751518914_5.321179393957806
Small-scale other plantation,Smallholder agriculture,5.25841902,10.38258062,2020,my_examples_landsat_final/10.38258061505613_5.258419019686236
Small-scale other plantation,Smallholder agriculture,5.876852664,10.20037032,2020,my_examples_landsat_final/10.20037032166181_5.876852663548895
Small-scale other plantation,Smallholder agriculture,5.244862322,10.89087284,2020,my_examples_landsat_final/10.890872837183004_5.24486232152584
Small-scale other plantation,Smallholder agriculture,5.919953914,10.19405211,2020,my_examples_landsat_final/10.194052111915923_5.919953913502583
Small-scale other plantation,Smallholder agriculture,5.288270344,10.59811696,2020,my_examples_landsat_final/10.598116959540432_5.288270343682779
Small-scale other plantation,Smallholder agriculture,5.730636872,10.63663681,2020,my_examples_landsat_final/10.636636811431334_5.730636872019219
Small-scale other plantation,Smallholder agriculture,5.620580917,10.09802886,2020,my_examples_landsat_final/10.098028856728998_5.620580916632033
Small-scale other plantation,Smallholder agriculture,5.901218156,10.18667734,2020,my_examples_landsat_final/10.186677337741747_5.901218155963109
Small-scale other plantation,Smallholder agriculture,5.392199045,10.79484033,2020,my_examples_landsat_final/10.794840327149275_5.392199044765367
Small-scale other plantation,Smallholder agriculture,6.061118253,10.36689885,2020,my_examples_landsat_final/10.366898850378304_6.061118253020722
Small-scale other plantation,Smallholder agriculture,6.280671848,10.67789217,2020,my_examples_landsat_final/10.6778921710662_6.2806718478863
Small-scale other plantation,Smallholder agriculture,5.727887914,10.64100488,2020,my_examples_landsat_final/10.64100487645404_5.727887914017411
Small-scale other plantation,Smallholder agriculture,5.358137895,10.77539798,2020,my_examples_landsat_final/10.775397976220438_5.358137895480824
Small-scale other plantation,Smallholder agriculture,5.621233603,10.58793471,2020,my_examples_landsat_final/10.587934706388957_5.621233602822666
Small-scale other plantation,Smallholder agriculture,5.863115724,10.18715841,2020,my_examples_landsat_final/10.187158405195431_5.863115724103519
Small-scale other plantation,Smallholder agriculture,5.709509364,10.39619375,2020,my_examples_landsat_final/10.39619374608397_5.709509364195468
Small-scale other plantation,Smallholder agriculture,5.642796096,10.35061233,2020,my_examples_landsat_final/10.350612331896185_5.64279609621088
Small-scale other plantation,Smallholder agriculture,6.177524083,10.72470631,2020,my_examples_landsat_final/10.724706306739922_6.177524083095061
Small-scale other plantation,Smallholder agriculture,5.88389856,10.20491969,2020,my_examples_landsat_final/10.20491968863182_5.883898559633748
Small-scale other plantation,Smallholder agriculture,5.28855529,10.67330874,2020,my_examples_landsat_final/10.673308735331474_5.288555289753492
Small-scale other plantation,Smallholder agriculture,5.958718226,10.2064636,2020,my_examples_landsat_final/10.206463601087732_5.958718226402335
Small-scale other plantation,Smallholder agriculture,5.903527275,10.184534,2020,my_examples_landsat_final/10.184534004615841_5.903527275140617
Small-scale other plantation,Smallholder agriculture,5.424364226,10.75598355,2020,my_examples_landsat_final/10.755983545938843_5.424364225713523
Small-scale other plantation,Smallholder agriculture,5.926346223,10.22769302,2020,my_examples_landsat_final/10.227693020807465_5.92634622306573
Small-scale other plantation,Smallholder agriculture,5.753777255,10.13745066,2020,my_examples_landsat_final/10.137450664952175_5.753777255042369
Small-scale other plantation,Smallholder agriculture,5.259429377,10.88524243,2020,my_examples_landsat_final/10.885242431987049_5.259429377382624
Small-scale other plantation,Smallholder agriculture,5.845564352,10.18939951,2020,my_examples_landsat_final/10.189399507283227_5.845564352471654
Small-scale other plantation,Smallholder agriculture,6.264865317,10.48016159,2020,my_examples_landsat_final/10.480161593431449_6.264865316540297
Rubber plantation,Plantation,3.241875,10.135875,2020,my_examples_landsat_final/10.135874999999999_3.2418750000000003
Other large-scale plantations,Plantation,3.996875,10.488375,2020,my_examples_landsat_final/10.488375000000001_3.9968749999999997
Rubber plantation,Plantation,3.0375,9.994375,2020,my_examples_landsat_final/9.994375000000003_3.0375
Other large-scale plantations,Plantation,3.788875,9.879125,2020,my_examples_landsat_final/9.879125000000002_3.788875
Other large-scale plantations,Plantation,3.891625,9.834625,2020,my_examples_landsat_final/9.834625_3.891625
Rubber plantation,Plantation,4.307125,9.454875,2020,my_examples_landsat_final/9.454875_4.307124999999999
Fruit plantation,Plantation,4.728925,9.771675,2020,my_examples_landsat_final/9.771675000000002_4.728925000000001
Fruit plantation,Plantation,4.732482143,9.661553571,2020,my_examples_landsat_final/9.661553571428573_4.732482142857142
Other large-scale plantations,Plantation,4.107458333,9.219958333,2020,my_examples_landsat_final/9.219958333333333_4.107458333333334
Rubber plantation,Plantation,2.727875,9.99,2020,my_examples_landsat_final/9.99_2.7278749999999996
Fruit plantation,Plantation,4.721375,9.713125,2020,my_examples_landsat_final/9.713125000000002_4.721374999999999
Other large-scale plantations,Plantation,4.096125,9.22675,2020,my_examples_landsat_final/9.226750000000001_4.096125000000001
Rubber plantation,Plantation,4.012416667,9.257625,2020,my_examples_landsat_final/9.257625_4.012416666666667
Rubber plantation,Plantation,3.468696429,10.09355357,2020,my_examples_landsat_final/10.093553571428572_3.468696428571427
Other large-scale plantations,Plantation,3.650175,10.050925,2020,my_examples_landsat_final/10.050924999999994_3.650174999999999
Other large-scale plantations,Plantation,6.085165289,10.37841873,2020,my_examples_landsat_final/10.37841873278237_6.085165289256196
Other large-scale plantations,Plantation,3.86,9.985375,2020,my_examples_landsat_final/9.985375000000001_3.86
Rubber plantation,Plantation,4.500291667,8.965041667,2020,my_examples_landsat_final/8.965041666666668_4.500291666666667
Rubber plantation,Plantation,4.602482143,12.23105357,2020,my_examples_landsat_final/12.23105357142857_4.602482142857141
Rubber plantation,Plantation,3.97684375,9.23065625,2020,my_examples_landsat_final/9.230656250000001_3.9768437499999996
Fruit plantation,Plantation,3.489,10.075125,2020,my_examples_landsat_final/10.075125_3.4889999999999994
Grassland shrubland,Grassland shrubland,5.869189815,9.40449537,2020,my_examples_landsat_final/9.404495370370372_5.869189814814814
Grassland shrubland,Grassland shrubland,5.866458333,9.403875,2020,my_examples_landsat_final/9.403875000000001_5.866458333333334
Grassland shrubland,Grassland shrubland,5.943625,9.117541667,2020,my_examples_landsat_final/9.117541666666668_5.943625
Grassland shrubland,Grassland shrubland,5.959854167,9.126145833,2020,my_examples_landsat_final/9.126145833333336_5.959854166666666
Grassland shrubland,Grassland shrubland,5.830291667,9.569041667,2020,my_examples_landsat_final/9.56904166666667_5.830291666666667
Grassland shrubland,Grassland shrubland,5.808125,9.656930556,2020,my_examples_landsat_final/9.656930555555554_5.8081249999999995
Grassland shrubland,Grassland shrubland,5.993720588,9.265906863,2020,my_examples_landsat_final/9.265906862745096_5.993720588235293
Grassland shrubland,Grassland shrubland,5.865833333,9.403902778,2020,my_examples_landsat_final/9.403902777777779_5.865833333333333
Grassland shrubland,Grassland shrubland,5.883833333,9.956833333,2020,my_examples_landsat_final/9.956833333333332_5.883833333333333
Grassland shrubland,Grassland shrubland,5.93396875,9.294114583,2020,my_examples_landsat_final/9.294114583333336_5.933968750000002
Grassland shrubland,Grassland shrubland,5.844301282,9.386958333,2020,my_examples_landsat_final/9.386958333333332_5.8443012820512825
Grassland shrubland,Grassland shrubland,5.87265625,9.002526042,2020,my_examples_landsat_final/9.002526041666668_5.8726562499999995
Grassland shrubland,Grassland shrubland,5.86735146,9.403767185,2020,my_examples_landsat_final/9.403767184557443_5.867351459510359
Grassland shrubland,Grassland shrubland,5.851333333,9.659708333,2020,my_examples_landsat_final/9.659708333333334_5.851333333333334
Grassland shrubland,Grassland shrubland,5.87409375,9.408421875,2020,my_examples_landsat_final/9.408421874999998_5.87409375
Grassland shrubland,Grassland shrubland,5.871583333,9.277458333,2020,my_examples_landsat_final/9.277458333333335_5.871583333333334
Grassland shrubland,Grassland shrubland,5.865966667,9.392470833,2020,my_examples_landsat_final/9.392470833333334_5.865966666666668
Grassland shrubland,Grassland shrubland,5.814041667,9.369736111,2020,my_examples_landsat_final/9.369736111111113_5.814041666666667
Grassland shrubland,Grassland shrubland,5.916375,9.055208333,2020,my_examples_landsat_final/9.055208333333333_5.916375
Grassland shrubland,Grassland shrubland,5.987208333,9.126916667,2020,my_examples_landsat_final/9.126916666666668_5.987208333333333
Grassland shrubland,Grassland shrubland,5.882041667,9.960708333,2020,my_examples_landsat_final/9.960708333333333_5.882041666666668
Grassland shrubland,Grassland shrubland,5.814069444,9.65159375,2020,my_examples_landsat_final/9.651593749999998_5.814069444444444
Grassland shrubland,Grassland shrubland,5.978410714,9.066184524,2020,my_examples_landsat_final/9.066184523809525_5.978410714285714
Grassland shrubland,Grassland shrubland,5.946333333,9.306625,2020,my_examples_landsat_final/9.306625_5.9463333333333335
Grassland shrubland,Grassland shrubland,5.804833333,9.289819444,2020,my_examples_landsat_final/9.289819444444444_5.804833333333334
Grassland shrubland,Grassland shrubland,5.938767857,9.119946429,2020,my_examples_landsat_final/9.119946428571426_5.938767857142857
Grassland shrubland,Grassland shrubland,5.836082143,9.383129762,2020,my_examples_landsat_final/9.38312976190476_5.836082142857142
Grassland shrubland,Grassland shrubland,5.835680556,9.406402778,2020,my_examples_landsat_final/9.406402777777778_5.835680555555556
Grassland shrubland,Grassland shrubland,5.851427083,9.95521875,2020,my_examples_landsat_final/9.95521875_5.851427083333334
Grassland shrubland,Grassland shrubland,5.957291667,9.250125,2020,my_examples_landsat_final/9.250124999999999_5.957291666666667
Grassland shrubland,Grassland shrubland,5.979638889,9.431134921,2020,my_examples_landsat_final/9.43113492063492_5.979638888888887
Grassland shrubland,Grassland shrubland,5.895291667,9.807708333,2020,my_examples_landsat_final/9.807708333333334_5.895291666666666
Grassland shrubland,Grassland shrubland,5.980958333,9.023208333,2020,my_examples_landsat_final/9.023208333333333_5.9809583333333345
Grassland shrubland,Grassland shrubland,5.978815476,9.433625,2020,my_examples_landsat_final/9.433625000000001_5.9788154761904755
Grassland shrubland,Grassland shrubland,5.943291667,9.311458333,2020,my_examples_landsat_final/9.311458333333336_5.943291666666668
Grassland shrubland,Grassland shrubland,5.813,9.652208333,2020,my_examples_landsat_final/9.652208333333334_5.813000000000001
Grassland shrubland,Grassland shrubland,5.904375,9.553041667,2020,my_examples_landsat_final/9.553041666666665_5.904375
Grassland shrubland,Grassland shrubland,5.855575,9.388475,2020,my_examples_landsat_final/9.388474999999998_5.855574999999999
Grassland shrubland,Grassland shrubland,5.891375,9.156375,2020,my_examples_landsat_final/9.156375_5.891375
Grassland shrubland,Grassland shrubland,5.920041667,9.049625,2020,my_examples_landsat_final/9.049625_5.920041666666667
Grassland shrubland,Grassland shrubland,5.893930556,9.158430556,2020,my_examples_landsat_final/9.158430555555555_5.8939305555555555
Grassland shrubland,Grassland shrubland,5.914458333,9.169166667,2020,my_examples_landsat_final/9.169166666666666_5.914458333333335
Grassland shrubland,Grassland shrubland,5.838811667,9.391681667,2020,my_examples_landsat_final/9.391681666666669_5.838811666666667
Grassland shrubland,Grassland shrubland,5.839837121,9.328811869,2020,my_examples_landsat_final/9.328811868686868_5.8398371212121205
Grassland shrubland,Grassland shrubland,5.992558333,9.265408333,2020,my_examples_landsat_final/9.26540833333333_5.992558333333333
Grassland shrubland,Grassland shrubland,5.844625,9.386625,2020,my_examples_landsat_final/9.386624999999999_5.844625000000001
Grassland shrubland,Grassland shrubland,5.814583333,9.6521875,2020,my_examples_landsat_final/9.652187499999998_5.814583333333331
Grassland shrubland,Grassland shrubland,5.980291667,9.023458333,2020,my_examples_landsat_final/9.023458333333332_5.980291666666667
Grassland shrubland,Grassland shrubland,5.811767857,9.645994048,2020,my_examples_landsat_final/9.64599404761905_5.811767857142858
Grassland shrubland,Grassland shrubland,5.813041667,9.65275,2020,my_examples_landsat_final/9.652750000000001_5.813041666666667
Grassland shrubland,Grassland shrubland,5.986580993,9.877345974,2020,my_examples_landsat_final/9.877345973782774_5.9865809925093645
Grassland shrubland,Grassland shrubland,5.844827381,9.38714881,2020,my_examples_landsat_final/9.387148809523811_5.844827380952381
Grassland shrubland,Grassland shrubland,5.812625,9.652375,2020,my_examples_landsat_final/9.652375_5.812625000000001
Grassland shrubland,Grassland shrubland,5.9974375,9.681770833,2020,my_examples_landsat_final/9.681770833333333_5.9974375
Grassland shrubland,Grassland shrubland,5.842808333,9.296201667,2020,my_examples_landsat_final/9.296201666666665_5.842808333333334
Grassland shrubland,Grassland shrubland,5.868025407,9.402413618,2020,my_examples_landsat_final/9.40241361788618_5.868025406504064
Grassland shrubland,Grassland shrubland,5.972655303,9.432736111,2020,my_examples_landsat_final/9.432736111111112_5.9726553030303045
Grassland shrubland,Grassland shrubland,5.823513889,9.708486111,2020,my_examples_landsat_final/9.70848611111111_5.823513888888888
Grassland shrubland,Grassland shrubland,5.857925,9.653608333,2020,my_examples_landsat_final/9.653608333333336_5.857925000000001
Grassland shrubland,Grassland shrubland,5.844333333,9.386208333,2020,my_examples_landsat_final/9.386208333333332_5.844333333333333
Grassland shrubland,Grassland shrubland,5.836666667,9.692416667,2020,my_examples_landsat_final/9.692416666666666_5.836666666666668
Grassland shrubland,Grassland shrubland,5.891347222,9.156041667,2020,my_examples_landsat_final/9.156041666666663_5.891347222222223
Grassland shrubland,Grassland shrubland,5.850656095,9.659024254,2020,my_examples_landsat_final/9.659024253731339_5.850656094527365
Grassland shrubland,Grassland shrubland,5.810160714,9.66460119,2020,my_examples_landsat_final/9.664601190476189_5.810160714285714
Grassland shrubland,Grassland shrubland,5.813166667,9.776375,2020,my_examples_landsat_final/9.776375_5.8131666666666675
Grassland shrubland,Grassland shrubland,5.8496875,9.817645833,2020,my_examples_landsat_final/9.817645833333334_5.849687499999999
Grassland shrubland,Grassland shrubland,5.979458333,9.433083333,2020,my_examples_landsat_final/9.433083333333332_5.979458333333334
Grassland shrubland,Grassland shrubland,5.920267857,9.048910714,2020,my_examples_landsat_final/9.048910714285714_5.920267857142858
Grassland shrubland,Grassland shrubland,5.801708333,9.313125,2020,my_examples_landsat_final/9.313125_5.801708333333333
Grassland shrubland,Grassland shrubland,5.918430556,9.253819444,2020,my_examples_landsat_final/9.253819444444444_5.918430555555555
Grassland shrubland,Grassland shrubland,5.838091667,9.397191667,2020,my_examples_landsat_final/9.397191666666666_5.838091666666667
Grassland shrubland,Grassland shrubland,5.994625,9.582509615,2020,my_examples_landsat_final/9.582509615384616_5.994625000000001
Grassland shrubland,Grassland shrubland,5.959325,9.125908333,2020,my_examples_landsat_final/9.125908333333333_5.959325000000001
Grassland shrubland,Grassland shrubland,5.958833333,9.126208333,2020,my_examples_landsat_final/9.126208333333333_5.9588333333333345
Grassland shrubland,Grassland shrubland,5.943859375,9.11775,2020,my_examples_landsat_final/9.117750000000001_5.943859375000001
Grassland shrubland,Grassland shrubland,5.887166667,9.2604375,2020,my_examples_landsat_final/9.260437500000002_5.887166666666666
Grassland shrubland,Grassland shrubland,5.96014881,9.091791667,2020,my_examples_landsat_final/9.091791666666666_5.960148809523809
Grassland shrubland,Grassland shrubland,5.852053148,9.956970926,2020,my_examples_landsat_final/9.956970925925933_5.852053148148149
Grassland shrubland,Grassland shrubland,5.826511364,9.313867424,2020,my_examples_landsat_final/9.313867424242424_5.826511363636365
Grassland shrubland,Grassland shrubland,5.9206,9.051045833,2020,my_examples_landsat_final/9.05104583333333_5.9205999999999985
Grassland shrubland,Grassland shrubland,5.806958333,9.369625,2020,my_examples_landsat_final/9.369625_5.806958333333333
Grassland shrubland,Grassland shrubland,5.980916667,9.023625,2020,my_examples_landsat_final/9.023625_5.980916666666666
Grassland shrubland,Grassland shrubland,5.995025,9.788825,2020,my_examples_landsat_final/9.788825_5.995025
Grassland shrubland,Grassland shrubland,5.851375,9.393688492,2020,my_examples_landsat_final/9.393688492063491_5.851375
Grassland shrubland,Grassland shrubland,5.8285,9.307635417,2020,my_examples_landsat_final/9.307635416666667_5.828500000000002
Grassland shrubland,Grassland shrubland,5.865770833,9.390625,2020,my_examples_landsat_final/9.390624999999996_5.8657708333333325
Grassland shrubland,Grassland shrubland,5.850026361,9.817842687,2020,my_examples_landsat_final/9.817842687074828_5.850026360544217
Grassland shrubland,Grassland shrubland,5.840013889,9.329472222,2020,my_examples_landsat_final/9.329472222222222_5.840013888888889
Grassland shrubland,Grassland shrubland,5.991473214,9.264017857,2020,my_examples_landsat_final/9.264017857142857_5.991473214285714
Grassland shrubland,Grassland shrubland,5.896189815,9.862407407,2020,my_examples_landsat_final/9.862407407407408_5.896189814814815
Grassland shrubland,Grassland shrubland,5.968791667,9.19225,2020,my_examples_landsat_final/9.192250000000001_5.968791666666666
Grassland shrubland,Grassland shrubland,5.959041667,9.126083333,2020,my_examples_landsat_final/9.126083333333334_5.959041666666669
Grassland shrubland,Grassland shrubland,5.809041667,9.366041667,2020,my_examples_landsat_final/9.366041666666668_5.809041666666667
Grassland shrubland,Grassland shrubland,5.963375,9.182916667,2020,my_examples_landsat_final/9.182916666666666_5.963375
Grassland shrubland,Grassland shrubland,5.853708333,9.397416667,2020,my_examples_landsat_final/9.397416666666668_5.8537083333333335
Grassland shrubland,Grassland shrubland,5.861625,9.83125,2020,my_examples_landsat_final/9.83125_5.861625
Grassland shrubland,Grassland shrubland,5.993425,9.235275,2020,my_examples_landsat_final/9.235275000000001_5.993425
Rubber plantation,Plantation,3.018125,12.554375,2020,my_examples_landsat_final/12.554374999999999_3.0181250000000004
Other,Other,5.979583333,10.99904167,2020,my_examples_landsat_final/10.999041666666669_5.979583333333332
Other,Other,5.979225775,10.99808624,2020,my_examples_landsat_final/10.99808624031008_5.9792257751937985
Other,Other,5.991364969,10.96110185,2020,my_examples_landsat_final/10.961101851851856_5.991364969135804
Other,Other,5.994526316,10.93801261,2020,my_examples_landsat_final/10.938012609649123_5.99452631578947
Other,Other,5.961025,10.03878333,2020,my_examples_landsat_final/10.038783333333335_5.961025
Other,Other,5.949516667,11.080675,2020,my_examples_landsat_final/11.080675_5.949516666666667
Other,Other,5.99944697,10.93554924,2020,my_examples_landsat_final/10.935549242424248_5.999446969696968
Other,Other,5.979041667,11.00020833,2020,my_examples_landsat_final/11.000208333333333_5.979041666666667
Other,Other,5.982383333,11.047625,2020,my_examples_landsat_final/11.047625000000002_5.982383333333335
Other,Other,5.990083333,11.04170833,2020,my_examples_landsat_final/11.041708333333334_5.990083333333333
Other,Other,5.969875,11.01204167,2020,my_examples_landsat_final/11.012041666666667_5.969874999999999
Other,Other,5.981934524,11.04819643,2020,my_examples_landsat_final/11.04819642857143_5.981934523809524
Other,Other,5.979622076,11.00012646,2020,my_examples_landsat_final/11.000126461988305_5.979622076023393
Other,Other,5.974322832,11.00172663,2020,my_examples_landsat_final/11.00172662601626_5.97432283197832
Other,Other,5.982041667,11.04795833,2020,my_examples_landsat_final/11.047958333333334_5.982041666666668
Other,Other,5.981791667,11.04858333,2020,my_examples_landsat_final/11.048583333333333_5.981791666666666
Other,Other,5.977791667,10.98816667,2020,my_examples_landsat_final/10.988166666666668_5.977791666666666
Other,Other,5.959155899,11.07193961,2020,my_examples_landsat_final/11.071939606741566_5.959155898876401
Other,Other,5.987828822,10.97030281,2020,my_examples_landsat_final/10.970302813163482_5.98782882165605
Other,Other,5.996333333,10.93929167,2020,my_examples_landsat_final/10.939291666666666_5.996333333333334
Other,Other,5.982125,11.047875,2020,my_examples_landsat_final/11.047874999999998_5.982125
Other,Other,5.957083333,11.07429167,2020,my_examples_landsat_final/11.074291666666667_5.957083333333332
Other,Other,5.995604167,10.94589583,2020,my_examples_landsat_final/10.945895833333333_5.995604166666666
Other,Other,5.991875,11.041375,2020,my_examples_landsat_final/11.041375_5.991875
Other,Other,5.94857797,11.08515553,2020,my_examples_landsat_final/11.085155528052804_5.948577970297027
Other,Other,5.990238426,10.9632662,2020,my_examples_landsat_final/10.963266203703702_5.990238425925925
Other,Other,5.961575,10.03905833,2020,my_examples_landsat_final/10.039058333333335_5.961575000000001
Other,Other,5.960913889,11.07000278,2020,my_examples_landsat_final/11.070002777777779_5.9609138888888875
Other,Other,5.976781824,10.99992487,2020,my_examples_landsat_final/10.9999248687664_5.976781824146982
Other,Other,5.992333333,11.041375,2020,my_examples_landsat_final/11.041375_5.992333333333333
Other,Other,5.995708333,10.94554167,2020,my_examples_landsat_final/10.945541666666667_5.995708333333334
Other,Other,5.985495462,10.16299546,2020,my_examples_landsat_final/10.162995462046208_5.985495462046206
Other,Other,5.997509703,11.03981564,2020,my_examples_landsat_final/11.039815639269403_5.997509703196347
Other,Other,5.996671919,10.93492437,2020,my_examples_landsat_final/10.93492436974791_5.99667191876752
Other,Other,5.990828704,11.0415787,2020,my_examples_landsat_final/11.041578703703705_5.9908287037037065
Other,Other,5.956301724,11.07667026,2020,my_examples_landsat_final/11.07667025862069_5.956301724137931
Other,Other,5.986125,10.18270833,2020,my_examples_landsat_final/10.182708333333334_5.9861249999999995
Other,Other,5.977859979,10.98441434,2020,my_examples_landsat_final/10.984414341917015_5.977859978540769
Other,Other,5.976972222,10.99334028,2020,my_examples_landsat_final/10.993340277777776_5.976972222222222
Other,Other,5.989772528,11.03168401,2020,my_examples_landsat_final/11.031684011164272_5.9897725279106835
Other,Other,5.993448397,11.26288019,2020,my_examples_landsat_final/11.262880194218619_5.9934483965673016
Other,Other,5.985708333,10.18285119,2020,my_examples_landsat_final/10.182851190476189_5.985708333333333
Other,Other,5.977458333,10.989125,2020,my_examples_landsat_final/10.989125_5.977458333333334
Other,Other,5.986237319,10.18227355,2020,my_examples_landsat_final/10.182273550724638_5.98623731884058
Other,Other,5.962213235,10.03951716,2020,my_examples_landsat_final/10.039517156862745_5.962213235294117
Other,Other,5.962569444,10.03956944,2020,my_examples_landsat_final/10.039569444444446_5.962569444444445
Other,Other,5.977662037,10.98866204,2020,my_examples_landsat_final/10.988662037037034_5.977662037037037
Other,Other,5.998708333,10.93525,2020,my_examples_landsat_final/10.93525_5.998708333333333
Other,Other,5.972458573,11.01677275,2020,my_examples_landsat_final/11.016772749042143_5.9724585727969295
Other,Other,5.957177083,11.07397917,2020,my_examples_landsat_final/11.073979166666664_5.957177083333333
Other,Other,5.996071429,10.9448869,2020,my_examples_landsat_final/10.944886904761903_5.99607142857143
Other,Other,5.951877976,11.07920536,2020,my_examples_landsat_final/11.079205357142856_5.9518779761904765
Other,Other,5.954060606,11.07639268,2020,my_examples_landsat_final/11.076392676767677_5.954060606060604
Other,Other,5.998151206,11.33976796,2020,my_examples_landsat_final/11.339767957746473_5.9981512057191635
Other,Other,5.972610294,11.00485294,2020,my_examples_landsat_final/11.004852941176472_5.972610294117648
Other,Other,5.952629464,11.07803869,2020,my_examples_landsat_final/11.078038690476191_5.952629464285716
Other,Other,5.999639768,10.92093829,2020,my_examples_landsat_final/10.92093829113924_5.999639767932489
Other,Other,5.966791667,10.03979167,2020,my_examples_landsat_final/10.039791666666666_5.966791666666668
Other,Other,5.979291667,10.98045833,2020,my_examples_landsat_final/10.980458333333333_5.979291666666667
Other,Other,5.995416667,11.04079167,2020,my_examples_landsat_final/11.040791666666667_5.995416666666666
Other,Other,5.960375,11.07095833,2020,my_examples_landsat_final/11.070958333333333_5.960375
Other,Other,5.9770125,10.99038056,2020,my_examples_landsat_final/10.990380555555554_5.977012500000002
Other,Other,5.971099747,11.00889731,2020,my_examples_landsat_final/11.008897306397298_5.97109974747475
Other,Other,5.961333333,10.038875,2020,my_examples_landsat_final/10.038875_5.961333333333332
Other,Other,5.985425,10.163675,2020,my_examples_landsat_final/10.163674999999998_5.985424999999998
Other,Other,5.973541667,11.00354167,2020,my_examples_landsat_final/11.003541666666665_5.973541666666665
Other,Other,5.951375,11.079375,2020,my_examples_landsat_final/11.079375000000002_5.9513750000000005
Other,Other,5.954847222,11.07761574,2020,my_examples_landsat_final/11.077615740740743_5.954847222222225
Other,Other,5.976911311,11.05435872,2020,my_examples_landsat_final/11.054358722871443_5.976911310517533
Other,Other,5.997102231,10.94822017,2020,my_examples_landsat_final/10.948220173041895_5.997102231329692
Other,Other,5.988958333,10.96801389,2020,my_examples_landsat_final/10.968013888888889_5.988958333333332
Other,Other,5.948023148,11.08239352,2020,my_examples_landsat_final/11.082393518518519_5.948023148148148
Other,Other,5.987921296,11.04174228,2020,my_examples_landsat_final/11.041742283950613_5.987921296296298
Other,Other,5.962731863,11.06876716,2020,my_examples_landsat_final/11.068767156862739_5.9627318627450965
Other,Other,5.999677083,10.92951389,2020,my_examples_landsat_final/10.929513888888891_5.999677083333335
Other,Other,5.99425,11.04104167,2020,my_examples_landsat_final/11.041041666666667_5.99425
Other,Other,5.993200758,11.04120076,2020,my_examples_landsat_final/11.041200757575757_5.993200757575757
Other,Other,5.991416667,11.04141667,2020,my_examples_landsat_final/11.041416666666665_5.991416666666666
Other,Other,5.984991667,10.163225,2020,my_examples_landsat_final/10.163225_5.984991666666667
Other,Other,5.994625,11.04104167,2020,my_examples_landsat_final/11.041041666666667_5.994625
Other,Other,5.976458333,10.99195833,2020,my_examples_landsat_final/10.991958333333333_5.976458333333333
Other,Other,5.960375,10.038375,2020,my_examples_landsat_final/10.038375_5.960375
Other,Other,5.989385234,10.96595029,2020,my_examples_landsat_final/10.965950292397656_5.989385233918129
Other,Other,5.948291667,11.08270833,2020,my_examples_landsat_final/11.082708333333334_5.948291666666667
Other,Other,5.996952257,10.9414362,2020,my_examples_landsat_final/10.94143619791667_5.9969522569444464
Other,Other,5.999725,10.92278864,2020,my_examples_landsat_final/10.922788636363634_5.999724999999999
Other,Other,5.975796505,11.02305027,2020,my_examples_landsat_final/11.023050268817206_5.975796505376344
Other,Other,5.960625,10.03855208,2020,my_examples_landsat_final/10.038552083333334_5.960625000000002
Other,Other,5.982456024,10.97549906,2020,my_examples_landsat_final/10.975499055415652_5.982456024349297
Other,Other,5.975778023,10.9780723,2020,my_examples_landsat_final/10.978072298020317_5.975778023006954
Other,Other,5.965958333,10.04,2020,my_examples_landsat_final/10.040000000000001_5.965958333333333
Other,Other,5.998418624,11.03439234,2020,my_examples_landsat_final/11.0343923378076_5.998418624161075
Other,Other,5.985875,10.18270833,2020,my_examples_landsat_final/10.182708333333334_5.985874999999999
Other,Other,5.995208333,11.040875,2020,my_examples_landsat_final/11.040875_5.995208333333333
Other,Other,5.995093935,10.95464867,2020,my_examples_landsat_final/10.954648668639035_5.995093934911244
Other,Other,5.950677083,11.07973611,2020,my_examples_landsat_final/11.079736111111112_5.950677083333332
Other,Other,5.994916667,11.04095833,2020,my_examples_landsat_final/11.040958333333334_5.994916666666667
Other,Other,5.976733333,10.992575,2020,my_examples_landsat_final/10.992575_5.976733333333333
Other,Other,5.977741213,10.99551276,2020,my_examples_landsat_final/10.995512755102043_5.977741213151928
Other,Other,5.999216195,10.92736164,2020,my_examples_landsat_final/10.927361635220127_5.999216194968555
Small-scale other plantation,Smallholder agriculture,4.420446429,9.991553571,2020,my_examples_landsat_final/9.991553571428572_4.420446428571429
Small-scale other plantation,Smallholder agriculture,3.260339286,13.60083929,2020,my_examples_landsat_final/13.600839285714283_3.2603392857142857
Small-scale other plantation,Smallholder agriculture,2.770029762,10.18426786,2020,my_examples_landsat_final/10.184267857142858_2.770029761904762
Small-scale other plantation,Smallholder agriculture,2.87305,11.0858,2020,my_examples_landsat_final/11.0858_2.8730500000000005
Small-scale other plantation,Smallholder agriculture,2.848971154,10.97043269,2020,my_examples_landsat_final/10.970432692307693_2.8489711538461533
Small-scale other plantation,Smallholder agriculture,2.689625,12.908875,2020,my_examples_landsat_final/12.908874999999998_2.689625
Small-scale other plantation,Smallholder agriculture,3.89413587,12.05652717,2020,my_examples_landsat_final/12.056527173913045_3.8941358695652175
Small-scale other plantation,Smallholder agriculture,2.70265625,12.63865625,2020,my_examples_landsat_final/12.638656249999999_2.702656250000001
Oil palm plantation,Plantation,2.95525,10.033125,2020,my_examples_landsat_final/10.033124999999998_2.9552500000000004
Oil palm plantation,Plantation,3.387125,10.128125,2020,my_examples_landsat_final/10.128125_3.387125
Oil palm plantation,Plantation,4.464625,9.132625,2020,my_examples_landsat_final/9.132625_4.464625
Oil palm plantation,Plantation,2.574625,9.891875,2020,my_examples_landsat_final/9.891874999999999_2.5746250000000006
Oil palm plantation,Plantation,2.901375,9.944625,2020,my_examples_landsat_final/9.944625_2.9013750000000003
Other large-scale plantations,Plantation,4.02675,10.48990625,2020,my_examples_landsat_final/10.489906249999999_4.026749999999999
Oil palm plantation,Plantation,3.913875,9.863875,2020,my_examples_landsat_final/9.863875_3.9138749999999995
Rubber plantation,Plantation,3.038458333,9.993958333,2020,my_examples_landsat_final/9.993958333333333_3.038458333333333
Oil palm plantation,Plantation,6.383806818,10.81582955,2020,my_examples_landsat_final/10.815829545454548_6.383806818181818
Other large-scale plantations,Plantation,3.79325,9.88325,2020,my_examples_landsat_final/9.883249999999999_3.79325
Oil palm plantation,Plantation,2.976553571,10.072125,2020,my_examples_landsat_final/10.072124999999998_2.9765535714285716
Oil palm plantation,Plantation,5.083535714,8.979410714,2020,my_examples_landsat_final/8.979410714285716_5.083535714285715
Oil palm plantation,Plantation,4.135875,9.3285625,2020,my_examples_landsat_final/9.328562500000002_4.1358749999999995
Oil palm plantation,Plantation,3.7176875,10.633875,2020,my_examples_landsat_final/10.633874999999998_3.7176875
Other large-scale plantations,Plantation,3.896875,9.812125,2020,my_examples_landsat_final/9.812125_3.896875
Rubber plantation,Plantation,4.3106,9.471225,2020,my_examples_landsat_final/9.471225_4.310600000000002
Oil palm plantation,Plantation,4.258125,9.538625,2020,my_examples_landsat_final/9.538625_4.258125
Oil palm plantation,Plantation,4.895125,8.730875,2020,my_examples_landsat_final/8.730875000000001_4.895124999999999
Oil palm plantation,Plantation,5.351710526,9.465046053,2020,my_examples_landsat_final/9.465046052631578_5.35171052631579
Oil palm plantation,Plantation,4.394125,9.583125,2020,my_examples_landsat_final/9.583124999999999_4.394125
Fruit plantation,Plantation,4.729125,9.772375,2020,my_examples_landsat_final/9.772375_4.729125000000001
Oil palm plantation,Plantation,3.628625,10.665575,2020,my_examples_landsat_final/10.665575_3.628624999999999
Fruit plantation,Plantation,4.740125,9.664625,2020,my_examples_landsat_final/9.664625000000001_4.740125
Other large-scale plantations,Plantation,4.107958333,9.224208333,2020,my_examples_landsat_final/9.224208333333335_4.1079583333333325
Oil palm plantation,Plantation,5.188308824,9.351492647,2020,my_examples_landsat_final/9.351492647058823_5.18830882352941
Oil palm plantation,Plantation,4.034875,9.138375,2020,my_examples_landsat_final/9.138375000000002_4.0348749999999995
Oil palm plantation,Plantation,5.165625,9.420125,2020,my_examples_landsat_final/9.420125_5.165625
Oil palm plantation,Plantation,4.137803571,9.251660714,2020,my_examples_landsat_final/9.251660714285714_4.137803571428572
Oil palm plantation,Plantation,5.189791667,9.400291667,2020,my_examples_landsat_final/9.400291666666668_5.189791666666667
Oil palm plantation,Plantation,4.191763889,9.340430556,2020,my_examples_landsat_final/9.340430555555555_4.191763888888888
Fruit plantation,Plantation,4.722416667,9.714458333,2020,my_examples_landsat_final/9.714458333333333_4.722416666666667
Oil palm plantation,Plantation,3.65465625,10.67625,2020,my_examples_landsat_final/10.67625_3.6546562500000004
Other large-scale plantations,Plantation,4.099375,9.205375,2020,my_examples_landsat_final/9.205375_4.099374999999999
Rubber plantation,Plantation,4.014041667,9.268708333,2020,my_examples_landsat_final/9.268708333333333_4.0140416666666665
Rubber plantation,Plantation,3.474507813,10.07234375,2020,my_examples_landsat_final/10.072343749999998_3.4745078125000006
Other large-scale plantations,Plantation,3.658375,10.05075,2020,my_examples_landsat_final/10.05075_3.6583749999999995
Oil palm plantation,Plantation,4.943125,8.822875,2020,my_examples_landsat_final/8.822875_4.943124999999999
Other large-scale plantations,Plantation,6.085291667,10.35520833,2020,my_examples_landsat_final/10.355208333333334_6.085291666666666
Other large-scale plantations,Plantation,3.870875,9.966,2020,my_examples_landsat_final/9.966000000000001_3.870875
Oil palm plantation,Plantation,4.160875,9.596625,2020,my_examples_landsat_final/9.596625_4.160875000000001
Rubber plantation,Plantation,3.327125,10.015125,2020,my_examples_landsat_final/10.015125000000001_3.327125
Oil palm plantation,Plantation,4.450098684,8.946888158,2020,my_examples_landsat_final/8.946888157894737_4.450098684210525
Rubber plantation,Plantation,4.513625,8.983625,2020,my_examples_landsat_final/8.983625_4.513624999999999
Rubber plantation,Plantation,4.606625,12.239125,2020,my_examples_landsat_final/12.239125000000003_4.606625
Oil palm plantation,Plantation,4.542375,9.540625,2020,my_examples_landsat_final/9.540625_4.542375
Oil palm plantation,Plantation,5.168708333,9.264208333,2020,my_examples_landsat_final/9.264208333333334_5.168708333333333
Oil palm plantation,Plantation,4.970208333,8.864958333,2020,my_examples_landsat_final/8.864958333333334_4.970208333333333
Oil palm plantation,Plantation,4.1975,9.296625,2020,my_examples_landsat_final/9.296624999999999_4.1975
Oil palm plantation,Plantation,4.852875,9.783875,2020,my_examples_landsat_final/9.783875_4.852874999999999
Rubber plantation,Plantation,3.976875,9.229125,2020,my_examples_landsat_final/9.229125_3.9768749999999997
Oil palm plantation,Plantation,5.594401316,10.12292763,2020,my_examples_landsat_final/10.122927631578946_5.594401315789473
Fruit plantation,Plantation,3.492325,10.078525,2020,my_examples_landsat_final/10.078524999999999_3.4923249999999992
Other large-scale plantations,Plantation,6.098375,10.396875,2020,my_examples_landsat_final/10.396875000000001_6.098375
Oil palm plantation,Plantation,3.714125,10.621625,2020,my_examples_landsat_final/10.621625000000002_3.7141249999999997
Oil palm plantation,Plantation,4.084875,9.338125,2020,my_examples_landsat_final/9.338125000000003_4.084875
Oil palm plantation,Plantation,4.560625,9.026375,2020,my_examples_landsat_final/9.026375000000002_4.560625
Oil palm plantation,Plantation,4.4290625,9.405125,2020,my_examples_landsat_final/9.405125_4.4290625
Oil palm plantation,Plantation,4.532696429,9.111875,2020,my_examples_landsat_final/9.111875000000003_4.532696428571429
Oil palm plantation,Plantation,5.162125,9.311625,2020,my_examples_landsat_final/9.311625_5.1621250000000005
Oil palm plantation,Plantation,2.966013889,9.965319444,2020,my_examples_landsat_final/9.965319444444445_2.9660138888888885
Infrastructure,Other,3.976924978,11.60391274,2020,my_examples_landsat_final/11.60391274_3.9769249779999996
Infrastructure,Other,2.941167455,10.05521719,2020,my_examples_landsat_final/10.055217189999999_2.941167455
Infrastructure,Other,4.974953259,11.26794282,2020,my_examples_landsat_final/11.267942819999998_4.974953259
Infrastructure,Other,3.975128347,12.24171659,2020,my_examples_landsat_final/12.24171659_3.975128347
Infrastructure,Other,3.781990561,11.13050058,2020,my_examples_landsat_final/11.130500579999998_3.7819905610000006
Infrastructure,Other,4.144011621,11.28141755,2020,my_examples_landsat_final/11.28141755_4.144011621
Infrastructure,Other,4.166469503,11.38113055,2020,my_examples_landsat_final/11.38113055_4.166469503
Infrastructure,Other,4.555440021,13.7526829,2020,my_examples_landsat_final/13.752682900000002_4.555440021
Infrastructure,Other,3.851160838,11.58504812,2020,my_examples_landsat_final/11.585048119999998_3.8511608379999998
Infrastructure,Other,4.029027264,9.213495767,2020,my_examples_landsat_final/9.213495767_4.029027264
Infrastructure,Other,4.96507179,10.69391936,2020,my_examples_landsat_final/10.693919360000002_4.96507179
Infrastructure,Other,3.803550128,11.45030082,2020,my_examples_landsat_final/11.45030082_3.8035501280000004
Infrastructure,Other,4.324572993,10.04264077,2020,my_examples_landsat_final/10.04264077_4.324572993
Infrastructure,Other,7.784883467,14.71388025,2020,my_examples_landsat_final/14.71388025_7.784883466999999
Infrastructure,Other,3.128017034,10.29237242,2020,my_examples_landsat_final/10.29237242_3.1280170340000004
Infrastructure,Other,6.03945687,11.07031346,2020,my_examples_landsat_final/11.07031346_6.039456870000001
Infrastructure,Other,3.892483341,11.12870395,2020,my_examples_landsat_final/11.12870395_3.892483341
Infrastructure,Other,4.191622331,10.97419372,2020,my_examples_landsat_final/10.97419372_4.191622331
Infrastructure,Other,4.431472512,11.85903428,2020,my_examples_landsat_final/11.85903428_4.431472512
Infrastructure,Other,3.73078659,11.0667202,2020,my_examples_landsat_final/11.0667202_3.73078659
Infrastructure,Other,4.292233643,9.706670858,2020,my_examples_landsat_final/9.706670857999999_4.292233643
Infrastructure,Other,2.317736648,12.75195967,2020,my_examples_landsat_final/12.75195967_2.317736648
Infrastructure,Other,4.019145796,11.1313989,2020,my_examples_landsat_final/11.1313989_4.019145796
Infrastructure,Other,3.883500188,11.27063777,2020,my_examples_landsat_final/11.27063777_3.883500188
Infrastructure,Other,2.811810054,9.929453048,2020,my_examples_landsat_final/9.929453048_2.8118100540000004
Infrastructure,Other,4.054180092,9.363514419,2020,my_examples_landsat_final/9.363514419_4.054180091999999
Infrastructure,Other,7.300691529,12.53187243,2020,my_examples_landsat_final/12.531872429999998_7.300691529
Infrastructure,Other,5.174379252,11.13319553,2020,my_examples_landsat_final/11.133195530000002_5.174379252
Infrastructure,Other,4.638085027,9.615042699,2020,my_examples_landsat_final/9.615042699_4.638085027
Infrastructure,Other,2.880980331,9.91957158,2020,my_examples_landsat_final/9.91957158_2.880980331
Infrastructure,Other,3.896974918,11.99917146,2020,my_examples_landsat_final/11.99917146_3.896974918
Infrastructure,Other,2.698622329,13.28466063,2020,my_examples_landsat_final/13.28466063_2.698622329
Infrastructure,Other,2.537823893,12.76004451,2020,my_examples_landsat_final/12.76004451_2.537823893
Infrastructure,Other,3.495427986,11.21584054,2020,my_examples_landsat_final/11.21584054_3.495427986
Infrastructure,Other,3.121728827,13.85329421,2020,my_examples_landsat_final/13.85329421_3.1217288270000005
Infrastructure,Other,4.145808251,9.562042097,2020,my_examples_landsat_final/9.562042097_4.145808251
Infrastructure,Other,4.078434605,9.372497572,2020,my_examples_landsat_final/9.372497572_4.078434604999999
Infrastructure,Other,3.889788395,12.55792357,2020,my_examples_landsat_final/12.557923570000002_3.8897883949999996
Infrastructure,Other,6.062813068,14.38689349,2020,my_examples_landsat_final/14.38689349_6.062813068
Infrastructure,Other,4.001179491,11.05324547,2020,my_examples_landsat_final/11.05324547_4.001179491
Infrastructure,Other,3.71551523,12.68099276,2020,my_examples_landsat_final/12.68099276_3.71551523
Infrastructure,Other,4.110773955,9.647382049,2020,my_examples_landsat_final/9.647382048999999_4.110773955
Infrastructure,Other,5.637011623,13.71405534,2020,my_examples_landsat_final/13.714055339999996_5.637011623
Infrastructure,Other,7.845070591,13.58469794,2020,my_examples_landsat_final/13.58469794_7.845070591
Infrastructure,Other,3.772109093,12.53546569,2020,my_examples_landsat_final/12.535465689999999_3.772109093
Infrastructure,Other,3.992196338,11.55540371,2020,my_examples_landsat_final/11.55540371_3.9921963379999994
Infrastructure,Other,4.232944834,11.26973945,2020,my_examples_landsat_final/11.26973945_4.232944834
Infrastructure,Other,3.613107288,11.26794282,2020,my_examples_landsat_final/11.26794282_3.613107288
Infrastructure,Other,3.612208973,10.98138025,2020,my_examples_landsat_final/10.98138025_3.612208973
Infrastructure,Other,2.815403316,10.52503608,2020,my_examples_landsat_final/10.52503608_2.815403316
Infrastructure,Other,4.590474317,13.7293267,2020,my_examples_landsat_final/13.7293267_4.590474317
Infrastructure,Other,5.690012225,12.10786761,2020,my_examples_landsat_final/12.10786761_5.690012225
Infrastructure,Other,4.070349767,9.381480725,2020,my_examples_landsat_final/9.381480725_4.070349767
